<?xml version="1.0" encoding="UTF-8"?>
<!-- 用于直接生成SQL语句，支持同步和异步提交 -->
<!-- title:标题 navigate:导航信息 type:方式（sql|call) interface:是否显示输入条件页面(true|false) 
databusid:数据总线编号 transdataactionurl:数据整理URL async:异步提交标志 pagesize:页面显示记录数(缺省为10) -->
<CommQry title="大额交易" navigate="反洗钱&gt;  大额交易"
		type="call" 
		interface="true" 
		pagesize="100" 
		async="true" 
		databusid=""
		transdataactionurl="/trans/TransDataAction.do" 
		getterclassname="com.huateng.report.hfaml3.bh.getter.AmlBHdsHisApproveThreeGetter">
		<Include id="BankParam" />
		<Fields>
			<!--公共基础信息 -->
		<Field id="select" desc="选择" method="None" edittype="checkbox" datatype="boolean" xpath="" />	  
		<Field id="id" desc="记录主键" edittype="text" datatype="string" method="None" readonly="false" size="32" status="N"  primary="true" xpath="/id" />      
		<Field id="apptype" desc="应用类型" edittype="text" datatype="string" method="None" readonly="false" size="3" status="N"  xpath="/apptype" />
		<Field id="currentfile" desc="文件类型" edittype="text" datatype="string" method="None" readonly="false" size="2" status="N"  xpath="/currentfile" />
		<Field id="brNo" desc="机构号" edittype="text" datatype="string" method="None" readonly="false" size="20" status="F"  xpath="/brNo" />	
		<Field id="brNoName" desc="机构名称" status="F" method="com.huateng.ebank.business.common.CQMethod.getBrnoName" width="" readonly="" primary="true" type="String" size="150" xpath="/brNo" />	
		<Field id="roleName" desc="部门编号" edittype="text" datatype="string" require="false" method="None" readonly="false" size="60" status="F"  xpath="/roleName" />  
		<Field id="selectRolename" desc="部门编号" edittype="select" require="" status="F" translated="CQ:roleNameGetterSelect" fieldmap="selectRolename=id" method="None" viewField="id" primary="true" dropdowntype="dynamic" init="true"  datatype="string" size="60"  xpath="/selectRolename" />   
		<Field id="workDate" desc="工作日期" edittype="text" datatype="date" method="None" readonly="false" size="8" status="F"  xpath="/workDate" /> 
		<Field id="reportType" desc="大额报文类型" edittype="select" datatype="string" method="None" readonly="false" size="2" status="F"  xpath="/reportType" translated="DATA_DIC.151" />  	
		<!--报告机构信息 -->
		<Field id="ricd" desc="报告机构编码" edittype="text" datatype="string" require="false" method="None" readonly="false" size="14" status="F"  xpath="/ricd" />  
		<!--客户信息 -->
		<Field id="csnm" desc="客户号" edittype="text" datatype="string" require="false" method="None" readonly="false" size="32" status="F"  xpath="/csnm" /> 
		<Field id="ctnm" desc="客户名称/姓名" edittype="text" datatype="string" require="false" method="None" readonly="false" size="512" status="F"  xpath="/ctnm" />  
		<Field id="citp" desc="客户身份证件/证明文件类型" edittype="select" init="false" datatype="string" require="false" method="None" readonly="false" size="6" translated="DATA_DIC.158" status="F"  xpath="/citp" />
		<Field id="ctid" desc="客户身份证件/证明文件号码" edittype="text" datatype="string" require="false" method="None" readonly="false" size="128" status="F"  xpath="/ctid" /> 
		<Field id="aoitp" desc="客户其他身份证件/证明文件类型" edittype="text" datatype="string" require="false" method="None" readonly="false" size="128" status="F"  xpath="/aoitp" /> 
		<Field id="ctnt" desc="客户国籍" require="false" edittype="select" size="3"  datatype="string" status="F" translated="CQ:BiNationregionSelect" editable="false" dropdowntype="dynamic" viewField="nationregionIdName" method="None" fieldmap="ctnt=nationregionId;ctntName=nationregionIdName" xpath="/ctnt" />    
		<Field id="ctntName" desc="客户国籍" status="F" method="com.huateng.ebank.business.common.CQMethod.getNationregionIdName" editable="true" readonly="" primary="" type="string" size="150"  xpath="/ctnt"/>      
		<Field id="ctvc" desc="客户职业（对私）或客户行业（对公）" edittype="select"  require="false" status="F" translated="CQ:ctvcSelect" fieldmap="ctvcName=name;ctvc=id" method="None" viewField="name" primary="true" dropdowntype="dynamic"  cached="false" datatype="string" size="8"  xpath="/ctvc" />
		<Field id="ctvcName" desc="客户职业（对私）或客户行业（对公）" status="F" method="com.huateng.ebank.business.common.CQMethod.getctvcName" primary="true" type="String" size="150"	 xpath="/ctvc"  codetype="CTVC"/>  
		<Field id="cctl" desc="联系电话" edittype="text" datatype="string" method="None" readonly="false" size="800" status="F"  xpath="/cctl" />
		<Field id="ctar" desc="客户详细地址" edittype="text" datatype="string" method="None" readonly="false" size="4000" status="F"  xpath="/ctar" />     
		<Field id="ccei" desc="客户其他联系方式" edittype="text" datatype="string" method="None" readonly="false" size="4000" status="F"  xpath="/ccei" />    
		<Field id="cbct" desc="客户银行卡类型"  require="false" edittype="select" translated="DATA_DIC.9015"  readonly="" primary="" size="2" datatype="string" xpath="/cbct" />
		<Field id="ocbt" desc="客户银行卡其他类型" edittype="text" datatype="string" method="None" readonly="false" size="128" status="F"  xpath="/ocbt" />
		<Field id="cbcn" desc="客户银行卡号码" edittype="text" datatype="string" method="None" readonly="false" size="64" status="F"  xpath="/cbcn" />       
		<!--大额交易信息 -->    
		<Field id="htdt" desc="大额交易发生日期" edittype="text" datatype="date" require="false" method="None" readonly="false" size="8" status="F"  xpath="/htdt" /> 
		<Field id="crcd" desc="大额交易特征代码" edittype="select" datatype="string" require="false" method="None" readonly="false" size="4" translated="DATA_DIC.162" status="N"  xpath="/crcd" /> 
		<Field id="finc" desc="金融机构网点代码" edittype="text" datatype="string" require="false" method="None" readonly="false" size="16" status="F"  xpath="/finc" />   
		<Field id="rlfc" desc="金融机构与客户的关系" edittype="select" datatype="string" require="false" method="None" readonly="false" size="2" translated="DATA_DIC.9016" status="N"  xpath="/rlfc" />   
		<Field id="catp" desc="客户账户类型" require="false" edittype="select" datatype="string" method="None" readonly="false" size="6" status="F"  xpath="/catp" translated="DATA_DIC.3004" /> 
		<Field id="ctac" desc="客户账号" edittype="text" datatype="string" require="false" method="None" readonly="false" size="64" status="F"  xpath="/ctac"/>    
		<Field id="oatm" desc="客户账户开户时间" edittype="text" datatype="timestamp" method="None" readonly="false" size="14" status="F" xpath="/oatm" /> 
		<!--大额交易信息  代办人信息 -->      
		<Field id="tbnm" desc="交易代办人姓名" edittype="text" datatype="string" require="false" method="None" readonly="false" size="128" status="F"   xpath="/tbnm" />  
		<Field id="tbit" desc="代办人身份证件/证明文件类型" edittype="select" datatype="string" require="false" method="None" readonly="false" size="6" translated="DATA_DIC.158" init="false" status="F"  xpath="/tbit" />     
		<Field id="tbid" desc="代办人身份证件/证明文件号码" edittype="text" datatype="string" require="false" method="None" readonly="false" size="128" status="F"  xpath="/tbid" />     
		<Field id="boitp" desc="代办人其他身份证件/证明文件类型" edittype="text" datatype="string" require="false" method="None" readonly="false" size="128" status="F"  xpath="/boitp" /> 
		<Field id="tbnt" desc="代办人国籍" require="false" edittype="select" size="3"  datatype="string" status="F" translated="CQ:BiNationregionSelect" editable="true" dropdowntype="dynamic" viewField="nationregionIdName" method="None" fieldmap="tbnt=nationregionId;tbntName=nationregionIdName" xpath="/tbnt" />
		<Field id="tbntName" desc="代办人国籍" status="F" method="com.huateng.ebank.business.common.CQMethod.getNationregionIdName" editable="true" readonly="" primary="" type="string" size="150"	 xpath="/tbnt"  />       
		<!--大额交易信息  交易详细信息 -->  
		<Field id="tstm" desc="交易时间" edittype="text" datatype="timestamp" method="None" readonly="false" size="14" status="F"  xpath="/tstm"/>  
		<Field id="ticd" desc="业务标识号" edittype="text" datatype="string" require="false" method="None" readonly="false" size="256" status="F"  xpath="/ticd" />      
		<Field id="rpmt" desc="收付款方匹配号类型" edittype="select" datatype="string" require="false" method="None" readonly="false" size="2" translated="DATA_DIC.9017" init="false" status="F"  xpath="/rpmt" />   
		<Field id="rpmn" desc="收付款方匹配号" datatype="string" require="false" method="None" readonly="false" size="500" status="F"  xpath="/rpmn" />   
		<Field id="tstp" desc="交易方式" edittype="select"  require="false" status="F" translated="CQ:BiTreeDataDicSelect" fieldmap="tstpName=name;tstp=id" method="None" viewField="name" primary="true" dropdowntype="dynamic"   datatype="string" size="8"  xpath="/tstp" />
		<Field id="tstpName" desc="交易方式" status="F" method="com.huateng.ebank.business.common.CQMethod.getBiTreeDataDicName" readonly="" primary="true" type="String" size="150"	 xpath="/tstp"  codetype="TSTP"/>    
		<Field id="octt" desc="非柜台交易方式" edittype="select" datatype="string" require="false" method="None" readonly="false" size="2" translated="DATA_DIC.9018" init="false" status="F"  xpath="/octt" />    
		<Field id="ooct" desc="其他非柜台交易方式" edittype="text" datatype="string" require="false" method="None" readonly="false" size="64" status="F"  xpath="/ooct" />     
		<Field id="ocec" desc="非柜台交易方式的设备代码" edittype="text" datatype="string" require="false" method="None" readonly="false" size="500" status="F"  xpath="/ocec" />  
		<Field id="bptc" desc="银行与支付机构之间的业务交易编码" edittype="text" datatype="string" require="false" method="None" readonly="false" size="500" status="F"  xpath="/bptc" />  
		<Field id="tsct" desc="涉外收支交易分类与代码" require="false" status="F" translated="CQ:MtsInOutCodeTreeSelect" fieldmap="tsctName=name;tsct=id" method="None" viewField="name" primary="true" dropdowntype="dynamic" edittype="select" datatype="string" size="16"  xpath="/tsct" />
		<Field id="tsctName" desc="涉外收支交易分类与代码" status="F" method="com.huateng.ebank.business.common.CQMethod.gettsctName" readonly="" primary="true" type="String" size="150" xpath="/tsct"  codetype="AML"/>     
		<Field id="tsdr" desc="资金收付标志" require="false" edittype="select" datatype="string" method="None" readonly="false" size="2" status="F"  xpath="/tsdr" translated="DATA_DIC.164" />    
		<Field id="trcd" desc="交易发生地" require="" edittype="select" size="3"  datatype="string" status="F" translated="CQ:BiNationregionSelect" editable="true" dropdowntype="dynamic" cached="false" viewField="nationregionIdName" method="None" fieldmap="trcd=nationregionId;trcdName=nationregionIdName" xpath="/trcd" />
		<Field id="trcdName" desc="交易发生地" status="F" method="com.huateng.ebank.business.common.CQMethod.getNationregionIdName" editable="true" readonly="" primary="" type="string" size="150"	cached="false"  xpath="/trcd"  /> 
		<Field id="trcdSuffix" desc="交易发生地区代码" edittype="select" datatype="string" require="false" method="None" readonly="false" translated="CQ:BiAreacodeSelect" editable="false" dropdowntype="dynamic" viewField="areaName"  fieldmap="trcdSuffix=areacode;trcdSuffixName=areaName" size="6" status="F"  cached="false" xpath="/trcdSuffix" />
		<Field id="trcdSuffixName" desc="交易发生地区代码" editable="false" status="F" method="com.huateng.ebank.business.common.CQMethod.getAreacodeName" readonly="" primary="" type="string" cached="false" size="150"	 xpath="/trcdSuffix"  /> 
		<Field id="crpp" desc="资金用途" edittype="text" datatype="string" require="false" method="None" readonly="false" size="256" status="F"  xpath="/crpp" />  
		<Field id="crtp" desc="币种" editable="false" require="false" edittype="select" translated="CQ:CurrencySelect" dropdowntype="dynamic" method="None" viewField="currencyNoName" status="F" fieldmap="crtp=currencyNo;crtpName=currencyNoName"  size="3"  xpath="/crtp"/>  
		<Field id="crtpName" desc="币种" editable="false" status="F" require="" method="com.huateng.ebank.business.common.CQMethod.getCurNameByCurNo" width="" readonly="" primary="true" type="String" size="150" xpath="/crtp" />
		<Field id="crat" desc="交易金额" edittype="text" datatype="currency" require="false" method="None" readonly="false" size="20" status="F"  scale="2"  xpath="/crat" />  
		<Field id="traAmountCny" desc="交易金额（人民币）" edittype="text" datatype="currency" require="" method="None" readonly="false" size="20" status="F"  scale="2"  xpath="/traAmountCny" />
		<Field id="traAmountUsd" desc="交易金额（美元）" edittype="text" datatype="currency" require="" method="None" readonly="false" size="20" status="F"  scale="2"  xpath="/traAmountUsd" />
		<!--大额交易信息   交易对手信息 -->
		<Field id="cfin" desc="对方金融机构网点名称" edittype="text" datatype="string" require="false" method="None" readonly="false" size="128" status="F"  xpath="/cfin"/>   
		<Field id="cfct" desc="对方金融机构代码网点类型" edittype="select" datatype="string" require="false" method="None" readonly="false" size="2"  translated="DATA_DIC.9300" status="F"  xpath="/cfct" />
		<Field id="cfic" desc="对方金融机构网点代码" edittype="text" datatype="string" require="false" method="None" readonly="false" size="16" status="F"  xpath="/cfic" />      
		<Field id="cfrc" desc="对方金融机构网点国家" require="" edittype="select" size="3"  datatype="string" status="F" translated="CQ:BiNationregionSelect" editable="false" dropdowntype="dynamic" cached="false" viewField="nationregionIdName" method="None" fieldmap="cfrc=nationregionId;cfrcName=nationregionIdName" xpath="/cfrc" />
		<Field id="cfrcName" desc="对方金融机构网点" status="F" method="com.huateng.ebank.business.common.CQMethod.getNationregionIdName" editable="false" readonly="" primary="" type="string" size="150"	cached="false"  xpath="/cfrc"  /> 
		<Field id="cfrcSuffix" desc="对方金融机构网点地区行政区划代码" edittype="select" datatype="string" require="false" method="None" readonly="false" translated="CQ:BiAreacodeSelect" editable="false" dropdowntype="dynamic" viewField="areaName"  fieldmap="cfrcSuffix=areacode;cfrcSuffixName=areaName" size="6" status="F" cached="false" xpath="/cfrcSuffix" />
		<Field id="cfrcSuffixName" desc="对方金融机构网点地区行政区划代码" editable="false" status="F" method="com.huateng.ebank.business.common.CQMethod.getAreacodeName" type="string" cached="false" size="150" xpath="/cfrcSuffix" /> 
		<Field id="tcnm" desc="交易对手姓名/名称" edittype="text" datatype="string" require="false" method="None" readonly="false" size="128" status="F" xpath="/tcnm" />   
		<Field id="tcit" desc="交易对手身份证件/证明文件类型" edittype="select" datatype="string" require="false" method="None" readonly="false" size="32" translated="DATA_DIC.158" init="false" status="N"  xpath="/tcit" /> 
		<Field id="tcid" desc="交易对手身份证件/证明文件号码" edittype="text" datatype="string" require="false" method="None" readonly="false" size="128" status="F"  xpath="/tcid" />   
		<Field id="coitp" desc="交易对手其他身份证件/证明文件类型" edittype="text" datatype="string" require="false" method="None" readonly="false" size="128" status="F"  xpath="/coitp" /> 
		<Field id="tcat" desc="交易对手账户类型" require="false" edittype="select" datatype="string" method="None" readonly="false" size="6" status="F"  xpath="/tcat" translated="DATA_DIC.3004" />   
		<Field id="tcac" desc="交易对手账号" edittype="text" datatype="string" require="false" method="None" readonly="false" size="64" status="F"  xpath="/tcac" />
		<Field id="rotf1" desc="交易信息备注1" edittype="text" datatype="string" require="false" method="None" readonly="false" size="256" status="F"  xpath="/rotf1" />
		<Field id="rotf2" desc="交易信息备注2" edittype="text" datatype="string" require="false" method="None" readonly="false" size="256" status="F"  xpath="/rotf2" />

		       
		<!-- 3号令之后没有用到的字段           先保留     Start-->
		<Field id="rinm" size="64" desc="报告机构名称"  edittype="select" datatype="string" translated="CQ:BctlAllSelect" fieldmap="rinm=brno;rinmName=brcodeTypeName" viewField="brcodeTypeName" dropdowntype="dynamic" init="true" require="false" readonly="false" xpath="/rinm"/> 
		<Field id="rinmName" desc="金融机构网点名称" status="N" method="com.huateng.ebank.business.common.CQMethod.getBrnoName" width="" readonly="false" primary="true" type="String" size="150" xpath="/rinm" />     
		<Field id="rpdt" desc="报告生成日期" edittype="text" datatype="date" require="false" method="None" readonly="false" size="8" status="F"  xpath="/rpdt" />  
		<Field id="cttn" desc="交易主体总数" edittype="text" datatype="string" require="false" method="None" readonly="false" size="8" status="F"  xpath="/cttn" />  
		<Field id="cati" desc="交易主体编号" edittype="text" datatype="string" require="false" method="None" readonly="false" size="8" status="F"  xpath="/cati" />  
		<Field id="ttnm" desc="交易总数" edittype="text" datatype="string" require="false" method="None" readonly="false" size="8" status="F"  xpath="/ttnm" />  
		<Field id="tsdt" desc="交易编号" edittype="text" datatype="string" require="false" method="None" readonly="false" size="8" status="F"  xpath="/tsdt" /> 
		<Field id="cttp" desc="客户类型" require="false" edittype="select" translated="DATA_DIC.2001" datatype="string" method="None" readonly="false" size="2" status="F"  xpath="/cttp" />	
		<Field id="citpDesc" desc="客户身份证件/证明文件类型进一步说明" edittype="text" datatype="string" require="false" method="None" readonly="false" size="32"  status="F"  xpath="/citpDesc" /> 
		<Field id="finn" desc="金融机构网点名称" edittype="text" datatype="string" require="false" method="None" readonly="false" size="64" status="F"  xpath="/finn" />  
		<Field id="firc" desc="金融机构网点所在地区行政区划代码" edittype="select" datatype="string" require="false" method="None" readonly="false" translated="CQ:BiAreacodeSelect" editable="false" dropdowntype="dynamic" viewField="areaName"  fieldmap="firc=areacode;fircName=areaName" size="6" status="F"  cached="false" xpath="/firc" /> 
		<Field id="fircName" desc="金融机构网点所在地区行政区划代码" editable="false" status="F" method="com.huateng.ebank.business.common.CQMethod.getAreacodeName"  readonly="" primary="" type="string" cached="false" size="150"	 xpath="/firc" />  
		<Field id="rltp" desc="金融机构网点与大额交易的关系" edittype="select" datatype="string" method="None" readonly="false" size="2" status="F"  xpath="/rltp" translated="DATA_DIC.163" />      
		<Field id="fict" desc="金融机构网点代码类型" edittype="text" datatype="string" require="false" method="None" readonly="false"  size="2" status="F"  xpath="/fict" /> 
		<Field id="tbitDesc" desc="代办人身份证件/证明文件类型进一步说明" edittype="text" datatype="string" require="false" method="None" readonly="false" size="32" status="F"  xpath="/tbitDesc" /> 
		<Field id="tdrc" desc="交易方向国别" require="false" edittype="select" size="3"  datatype="string" status="F" translated="CQ:BiNationregionSelect" editable="false" dropdowntype="dynamic" cached="false" viewField="nationregionIdName" method="None" fieldmap="tdrc=nationregionId;tdrcName=nationregionIdName" xpath="/tdrc" />
		<Field id="tdrcName" desc="交易方向地区" status="F" method="com.huateng.ebank.business.common.CQMethod.getNationregionIdName" editable="false" readonly="" primary="" type="string" size="150"	cached="false"  xpath="/tdrc"  /> 
		<Field id="tdrcSuffix" desc="交易方向国别" edittype="select" datatype="string" require="false" method="None" readonly="false" translated="CQ:BiAreacodeSelect" editable="false" dropdowntype="dynamic" viewField="areaName"  fieldmap="tdrcSuffix=areacode;tdrcSuffixName=areaName" size="6" status="F"  cached="false" xpath="/tdrcSuffix" />
		<Field id="tdrcSuffixName" desc="交易方向区域" editable="false" status="F" method="com.huateng.ebank.business.common.CQMethod.getAreacodeName" readonly="" primary="" type="string" cached="false" size="150"	 xpath="/tdrcSuffix"  /> 
		<Field id="tcitDesc" desc="交易对手身份证件/证明文件类型" edittype="text" datatype="string" require="false" method="None" readonly="false" size="32" status="F"  xpath="/tcitDesc" /> 
		<!-- 3号令之后没有用到的字段           先保留     end-->
	
		     
		<!--记录状态信息 -->      
		<Field id="isDel" desc="是否删除" edittype="select" datatype="string" translated="DATA_DIC.226" require="false" method="None" readonly="true" size="1" status="F"  xpath="/isDel" editable="false" />
		<Field id="subSuccess" desc="是否已成功上报" edittype="select" datatype="string" method="None" readonly="true" size="1" status="F"  xpath="/subSuccess" translated="DATA_DIC.65" />
		<Field id="crtTm" desc="创建时间" edittype="text" datatype="timestamp" method="None" readonly="true" size="14" status="F"  xpath="/crtTm" />
		<Field id="lstUpdTlr" desc="最后更新人" edittype="text" datatype="string" method="None" readonly="true" size="20" status="F"  xpath="/lstUpdTlr" />
		<Field id="lstUpdTm" desc="最后更新时间" edittype="text" datatype="timestamp" method="None" readonly="true" size="14" status="F"  xpath="/lstUpdTm" />
		<Field id="recordUpdTlr" desc="补录人" edittype="text" datatype="string" method="None" readonly="true" size="20" status="F"  xpath="/recordUpdTlr" />
		<Field id="recordUpdTm" desc="补录时间" edittype="text" datatype="timestamp" method="None" readonly="true" size="34" status="F"  xpath="/recordUpdTm" />
		<Field id="approveUpdTlr" desc="审核人" edittype="text" datatype="string" method="None" readonly="true" size="20" status="F"  xpath="/approveUpdTlr" />
		<Field id="approveUpdTm" desc="审核时间" edittype="text" datatype="timestamp" method="None" readonly="true" size="14" status="F"  xpath="/approveUpdTm"/>
		<Field id="recStatus" desc="记录状态" edittype="select" datatype="string" method="None" readonly="true" size="2" status="F"  xpath="/recStatus" translated="DATA_DIC.62"/>
		<Field id="repStatus" desc="回执状态" edittype="select" datatype="string" method="None" readonly="true" size="2" status="F"  xpath="/repStatus" translated="DATA_DIC.301" />
		<Field id="approveStatus" desc="审核状态" edittype="select" datatype="string" method="None" readonly="true" size="2" status="F"  xpath="/approveStatus" translated="DATA_DIC.64" />
		<Field id="approveResult" desc="审核说明" edittype="textarea" datatype="string" method="None" readonly="true" width="300" size="256" status="F" default="" xpath="/approveResult" tip="审核说明"/>
		<Field id="isComp" desc="是否完整" edittype="select" datatype="string" translated="DATA_DIC.227" require="false" method="None" readonly="true" size="1" status="F"  xpath="/isComp"  />
		<Field id="errmsg" desc="回执错误信息" edittype="textarea" datatype="string" require="false" method="None" readonly="true" width="300"  size="500" status="F" default="" xpath="/errmsg" />  
		<Field id="sourceType" desc="数据来源" edittype="select" datatype="string" method="None" readonly="true" size="2" status="F"  xpath="/sourceType" translated="DATA_DIC.9200"/> 
		<Field id="xmlfilename" desc="XML文件名称" edittype="text" datatype="string" require="false" method="None" readonly="true" size="128" status="N"  xpath="/xmlfilename" />  
		<Field id="zipfilename" desc="ZIP文件名称" edittype="text" datatype="string" require="false" method="None" readonly="true" size="128" status="N"  xpath="/zipfilename" />
		<Field id="filler2" desc="抽样审核状态" edittype="select" datatype="string" method="None" readonly="true"  size="2" status="F" default="" xpath="/filler2" translated="DATA_DIC.64" />
		<Field id="filler3" desc="抽样审核说明" edittype="textarea" datatype="string" method="None" readonly="true" width="300" size="256" status="F" default="" xpath="/filler3" /> 
	
		<Field id="pkinfo" desc="主键信息" edittype="text" datatype="string" require="false" method="None" readonly="true" width="500" size="64" status="F" default="" xpath="/pkinfo" />  
		<Field id="tradno" desc="主键信息" edittype="text" datatype="string" require="false" method="None" readonly="true"  size="32" status="F" default="" xpath="tradno" />   
		<!-- 子窗口审核状态 -->
		<Field id="approveStatusChoose" desc="状态选择" require="false" edittype="select" datatype="string" method="None"
		  readonly="false" size="2" translated="LIST:01,01-通过;02,02-不通过;" status="N" default="" xpath="" />
		<!-- 子窗口审核说明 -->
		<Field id="approveResultChoose" desc="说明" require="" edittype="textarea" datatype="string" method="None"
		  readonly="false" size="256" status="N" default="" xpath=""/>
		<Field id="specialType" desc="生成特殊报文类型" require="false" edittype="select" datatype="string" method="None"
		  readonly="false" size="2" translated="LIST:C,C-修改报文;D,D-删除报文;" status="N" default="" xpath="" />
		
		<Field id="extractPerson" desc="抽取人" edittype="text" datatype="string" method="None" readonly="false" 
			  size="20" status="F" default="" xpath="/extractPerson" tip="抽取人"/>
			
		<!--人工补正信息段 -->   
	 	<Field id="mirs" desc="人工补正标识" edittype="text" datatype="string" method="None" readonly="true" size="64" status="F"  xpath="/mirs" />
	 	<Field id="tmlm" desc="人工补正完成时限" edittype="text" datatype="string" method="None" readonly="true" size="20" status="F"  xpath="/tmlm" />
	 	<Field id="rqds" desc="人工补正填写要求" edittype="textarea" datatype="string" require="false" method="None" readonly="true" width="300"  size="500" status="F"  xpath="/rqds" />  
		<!--修改报文标识段 -->
	 	<Field id="modifyCBIF" desc="客户端标识" edittype="text" datatype="string" method="None" readonly="true" size="2" status="F"  xpath="/modifyCBIF" />  
	 	<Field id="modifyCCIF" desc="客户身份信息段标识" edittype="text" datatype="string" method="None" readonly="true" size="2" status="F"  xpath="/modifyCCIF" /> 
	 	<Field id="modifyTSDT" desc="交易信息段标识" edittype="text" datatype="string" method="None" readonly="true" size="2" status="F"  xpath="/modifyTSDT" /> 	
		<!-- 原客户号 -->
		<Field id="csnmold" desc="原客户号" edittype="datalabel" datatype="string" require="false" method="None" readonly="false" size="32" status="F"  xpath="/csnmold" />
	</Fields>
	<Where>
			<DateTextBox id="qworkDateStart" desc="开始工作日期" edittype="text" datatype="date" size="32" require="true" index="0" />
			<DateTextBox id="qworkDateEnd" desc="结束工作日期" edittype="text" datatype="date" size="32" require="true" index="1" />
			<Option id="crcd" desc="大额交易特征代码" edittype="select" status="F" translated="DATA_DIC.9022" datatype="string" size="2" index="2" />
			<Option id="qrecStatus" desc="记录状态" edittype="select" status="F" translated="DATA_DIC.62" datatype="string" size="2" index="3" />
			<Option id="filler2" desc="抽样审核状态" edittype="select" status="F" translated="DATA_DIC.64" datatype="string" size="2" index="4" />
			<Option id="qsourceType" desc="数据来源" edittype="select" status="F"  translated="DATA_DIC.9200" datatype="string" size="1" index="5"/>
			<Option id="qisDel" desc="删除标识" edittype="select" status="F"  translated="DATA_DIC.302" datatype="string" size="1" index="6" />
			<TextBox id="qticd" desc="业务标识号" edittype="text" status="F" datatype="string" size="128" index="7" />
			<TextBox id="ctac" desc="账号" edittype="text" status="F" datatype="string" size="64" index="8" />
			<TextBox id="csnm" desc="客户号" edittype="text" status="F" datatype="string" size="32" index="9" />
			<TextBox id="ctid" desc="客户证件号码" edittype="text" status="F" datatype="string" size="20" index="10" />
			<Option id="tsct" operation="EQ" size="" desc="涉外收支交易分类与代码"  edittype="select"  translated="CQ:MtsInOutCodeTreeSelect"
				fieldmap="tsctName=name;tsct=id" viewField="name" dropdowntype="dynamic" init="true" require="false" readOnly="" index="11" />
			<Option id="tstp" operation="EQ" size="" desc="交易方式"  edittype="select"  translated="CQ:BiTreeDataDicSelect"
				fieldmap="tstpName=name;tstp=id" viewField="name" dropdowntype="dynamic" init="true" require="false" readOnly="" index="12" />
			<Option id="crtp" operation="EQ" size="" desc="币种" type="string" translated="CQ:CurrencySelect"
				fieldmap="crtp=currencyNo;crtpName=currencyNoName" viewField="currencyNoName" dropdowntype="dynamic" init="true" require="false" readOnly="" index="13" />
			<TextBox id="cratUp" desc="交易金额上限" edittype="text" status="F"	datatype="currency" scale="2"  size="20" index="14" tip="交易金额上限"/>	
			<TextBox id="cratDown" desc="交易金额下限" edittype="text" status="F"	datatype="currency" scale="2"  size="20" index="15" tip="交易金额下限" />	
	</Where>
	<Operations>
	   <Button id="btApprove" name="btApprove" desc="审核" updateClass="" operation="" 
			url="#" show="" group="" txn="" icon="icon-ok" />                                 
		<Button id="btSubmit" name="btSubmit" operation="asysubmit"  desc="确认" updateClass="com.huateng.report.hfaml3.bh.update.AmlBHdsHisApproveThreeUpdate" 
			url="#" show="" group="" txn="" icon="icon-ok" />
		<Button id="btCancel" name="btCancel" desc="返回" updateClass="" operation="" url="#" show="" group="" txn="" icon="icon-ok" />
		<Button id="btDownload" name="btDownload" desc="导出" updateClass="" operation="" url="#" show="" group="" txn="" icon="icon-export-xls" />
	</Operations>
</CommQry>