<?xml version="1.0" encoding="UTF-8"?>
<!-- 用于直接生成SQL语句，支持同步和异步提交 -->
<!-- title:标题 navigate:导航信息 type:方式（sql|call) interface:是否显示输入条件页面(true|false) 
	databusid:数据总线编号 transdataactionurl:数据整理URL async:异步提交标志 pagesize:页面显示记录数(缺省为10) -->
<CommQry title="可疑数据补录" navigate="可疑数据补录&gt;可疑数据补录" type="call"
	interface="true" pagesize="100" async="true" databusid=""
	transdataactionurl="/trans/TransDataAction.do"
	getterclassname="com.huateng.report.hfaml3.bs.getter.AmlBSdsCollInfoGetter">
	<Include id="BankParam" />
	<Fields>
		<!-- Common Field start -->
	 	<Field id="select" desc="选择" method="None" edittype="checkbox" datatype="boolean" xpath="" />	    
     	<Field id="id" desc="记录主键" require="false" edittype="text" datatype="string" method="None" readonly="false" size="32" status="F"  primary="true" xpath="/id" />
        <Field id="oper" desc="操作" method="None" edittype="text" datatype="string" xpath="" />
        <Field id="workDate" desc="工作日期" edittype="text" datatype="date" method="None" readonly="true" require="false" size="8" status="F"  xpath="/workDate" />
        <Field id="reportId" desc="内部编号" edittype="text" datatype="string" require="false" method="None" readonly="false"  size="10" status="F"  xpath="/reportId"/>   
	    <Field id="reportType" desc="可疑报文类型" edittype="select" require="false" datatype="string" method="None" readonly="true"  size="2" status="F"  xpath="/reportType" translated="DATA_DIC.152" />  
		<Field id="rpnm" desc="填报人" require="false" edittype="text" datatype="string" method="None" readonly="false" size="64" status="F" xpath="/rpnm" /> 
		<!-- 报文基本信息 -->       
		<Field id="ricd" desc="报告机构编码" edittype="text" datatype="string" require="false" method="None" readonly="true"  size="16" status="F"  xpath="/ricd" /> 
		<Field id="rpnc" desc="上报网点代码" edittype="text" datatype="string" require="false" method="None" readonly="false"  size="16" status="F"  xpath="/rpnc" />         
		<Field id="detr" desc="可疑交易报告紧急程度" require="false" edittype="select" datatype="string" method="None" readonly="false" size="2" status="F" translated="DATA_DIC.9100"  xpath="/detr" />     
		<Field id="torp" desc="报送次数标志" edittype="text" datatype="string" require="false" method="None" readonly="false" size="5" status="F"  xpath="/torp" />     
		<Field id="orxn" desc="初次报送的可疑交易报告报文名称" edittype="text" datatype="string" require="false" method="None" readonly="false" width="400" size="64" status="F" default="" xpath="/orxn" />  
		<Field id="dorp" desc="报送方向" require="false" edittype="select" datatype="string" method="None" readonly="false" size="2" status="F" translated="DATA_DIC.9000"  xpath="/dorp" /> 
		<Field id="odrp" desc="其他报送方向" edittype="text" datatype="string" require="false" method="None" readonly="false"  size="64" status="F"  xpath="/odrp" />   
		<Field id="tptr" desc="可疑交易报告触发点" require="false" edittype="select" datatype="string" method="None" readonly="false" size="2" status="F" translated="DATA_DIC.9101"  xpath="/tptr" />       
		<Field id="otpr" desc="其他可疑交易报告触发点" edittype="text" datatype="string" require="false" method="None" readonly="false" size="2000" status="F"  xpath="/otpr" /> 
		<Field id="stcbAll" desc="资金交易及客户行为情况" require="false" edittype="textarea" datatype="string" method="None" readonly="false" size="10000" status="F" width="800" height="150" xpath="/stcbAll" />
		<Field id="stcb" desc="资金交易及客户行为情况" edittype="text" datatype="string" require="false" method="None" readonly="false"  size="4000" status="F"  xpath="/stcb" />
		<Field id="stcb2" desc="资金交易及客户行为情况" edittype="text" datatype="string" require="false" method="None" readonly="false"  size="4000" status="F"  xpath="/stcb2" /> 
		<Field id="stcb3" desc="资金交易及客户行为情况" edittype="text" datatype="string" require="false" method="None" readonly="false"  size="4000" status="F"  xpath="/stcb3" />  
		<Field id="aospAll" desc="疑点分析" require="false" edittype="textarea" datatype="string" method="None" readonly="false" size="10000" status="F" width="800" height="150" xpath="/aospAll" />
		<Field id="aosp" desc="疑点分析" edittype="text" datatype="string" require="false" method="None" readonly="false"  size="4000" status="F"  xpath="/aosp" />
		<Field id="aosp2" desc="疑点分析" edittype="text" datatype="string" require="false" method="None" readonly="false"  size="4000" status="F"  xpath="/aosp2" /> 
		<Field id="aosp3" desc="疑点分析" edittype="text" datatype="string" require="false" method="None" readonly="false"  size="4000" status="F"  xpath="/aosp3" />            
		<Field id="stcr" desc="可疑特征" require="false" edittype="text" datatype="string" method="None" readonly="false" size="32" status="F" xpath="/stcr" />
		<Field id="tosc" desc="疑似涉罪类型" require="false" edittype="text" datatype="string" method="None" readonly="false" size="32" status="F" xpath="/tosc" />   
		       
		       
		  <!-- 3号令没有用到的字段 -->       
		<Field id="finm" desc="金融机构名称" require="false" edittype="text" datatype="string" method="None" readonly="false" size="64" status="F" xpath="/finm" />
		<Field id="firc" desc="金融机构所在地区代码" cached="false" edittype="select" datatype="string" require="false" method="None" readonly="false" translated="CQ:BiAreacodeSelect" editable="true" dropdowntype="dynamic" viewField="areaName"  fieldmap="firc=areacode;fircName=areaName" size="6" status="F"  xpath="/firc" />
		<Field id="fircName" desc="金融机构所在地区代码" editable="true" cached="false" status="F" method="com.huateng.ebank.business.common.CQMethod.getAreacodeName" readonly="" primary="" type="string" size="150"	 xpath="/firc"  />	
		<Field id="fict" desc="金融机构代码类型" require="false" edittype="text" datatype="string" method="None" readonly="true" size="2" status="F" xpath="/fict" />
		<Field id="ficd" desc="金融机构代码" require="false" edittype="text" datatype="string" method="None" readonly="false" size="12" status="F" xpath="/ficd" />
        <Field id="brno" desc="机构号"  require="false" edittype="text" datatype="string" xpath="/brno" />
	   	<Field id="ssdg" desc="可疑程度" require="false" edittype="select" datatype="string" method="None" readonly="false" size="2" status="F" translated="DATA_DIC.157"  xpath="/ssdg" />
		<Field id="tkms" desc="采取措施" require="false" edittype="textarea" datatype="string" method="None" readonly="false" size="128" status="F" width="735"  xpath="/tkms" />
		<Field id="ssds" desc="可疑行为描述" require="false" edittype="textarea" datatype="string" method="None" readonly="false" size="500" status="F" width="735"  xpath="/ssds" />
			
		<!-- 其他信息 -->       	
        <Field id="xmlnm" desc="XML文件名称"  require="false" edittype="text" datatype="string" xpath="/xmlnm" />
        <Field id="zipnm" desc="ZIP文件名称"  require="false" edittype="text" datatype="string" xpath="/zipnm" />
       	<Field id="recStatus" desc="记录状态" edittype="select" datatype="string" method="None" readonly="false" size="2" status="F"  xpath="/recStatus" translated="DATA_DIC.9087" tip="记录状态"/>
		<Field id="repStatus" desc="回执状态" edittype="select" datatype="string" method="None" readonly="false" size="2" status="F"  xpath="/repStatus" translated="DATA_DIC.301" />
		<Field id="approveStatus" desc="审核状态" edittype="select" datatype="string" method="None" readonly="false" size="2" status="F"  xpath="/approveStatus" translated="DATA_DIC.64" tip="审核状态"/>
        <Field id="approveResult" desc="审核说明" edittype="text" datatype="string" method="None" readonly="false"  size="1000" status="F" default="" xpath="/approveResult" />
        <Field id="approveUpdTlr" desc="审核人" edittype="text" datatype="string" method="None" readonly="false" size="20" status="F" default="" xpath="/approveUpdTlr" tip="审核人"/>
	    <Field id="approveUpdTm" desc="审核时间" edittype="text" datatype="timestamp" method="None" readonly="false" size="14" status="F" default="" xpath="/approveUpdTm" tip="审核时间"/>
        <Field id="issubsuccess" desc="是否已成功上报" edittype="select" datatype="string" method="None" readonly="false"  size="1" status="F"  xpath="/issubsuccess" translated="DATA_DIC.65"/>
		<Field id="lstUpdTlr" desc="最后更新人" edittype="text" datatype="string" method="None" readonly="false"  size="20" status="F"  xpath="/lstUpdTlr" tip="最后更新人"/>
	    <Field id="lstUpdTm" desc="最后更新时间" edittype="text" datatype="timestamp" method="None" readonly="false"  size="14" status="F"  xpath="/lstUpdTm" tip="最后更新时间"/>	
		       
		 <!-- add 20181106  -->
		<Field id="filler4" desc="报告创建人" edittype="textarea" datatype="string" method="None" readonly="false" size="256" status="F"  xpath="/filler4" tip="报告创建人"/>
		<Field id="bsid" desc="可疑案件编号" edittype="text" datatype="string" method="None" readonly="false" size="64" status="F"  xpath="/bsid" />
		
		<!-- 子窗口审核状态 -->
		<Field id="approveStatusChoose" desc="状态选择" require="false" edittype="select" datatype="string" method="None"
		  readonly="false" size="2" translated="LIST:01,01-通过;02,02-不通过;" status="N" default="" xpath="" />
		<!-- 子窗口审核说明 -->
		<Field id="approveResultChoose" desc="审核说明" edittype="textarea" height="120"  width="400" datatype="string" method="None" readonly="false" 
		       size="1000" status="F" default="" xpath="" />
			
		<Field id="specialType" desc="生成特殊报文类型" require="false" edittype="select" datatype="string" method="None"
			readonly="false" size="2" translated="LIST:C,C-修改报文;" status="N" default="" xpath="" />
		<Field id="filler2" desc="抽样审核状态" edittype="select" datatype="string" method="None" readonly="true" 
			size="2" status="F" default="" xpath="/filler2" translated="DATA_DIC.64" />
		<Field id="filler3" desc="抽样审核说明" edittype="textarea" datatype="string" method="None" readonly="true"  width="300"
			size="256" status="F" default="" xpath="/filler3" />
			
		<!--人工补正信息段 -->   
	 	<Field id="mirs" desc="人工补正标识" edittype="text" datatype="string" method="None" readonly="true" size="64" status="F"  xpath="/mirs" />
	 	<Field id="tmlm" desc="人工补正完成时限" edittype="text" datatype="string" method="None" readonly="true" size="20" status="F"  xpath="/tmlm" />
	 	<Field id="rqds" desc="人工补正填写要求" edittype="textarea" datatype="string" require="false" method="None" readonly="true" width="922"  size="500" status="F"  xpath="/rqds" />
	 	<Field id="errmsg" desc="回执信息" require="false" edittype="textarea" datatype="string" method="None" readonly="true" size="4000" status="F" width="922"  xpath="/errmsg" />    
	</Fields>

	<Operations>
        <Button id="btSubmit" name="btSubmit" desc="上报" operation="asysubmit" updateClass="com.huateng.report.hfaml3.bs.update.AmlBSDsCollInfoSubmitUpdate" url="#" txn="" />
        <Button id="btSave" name="btSave" desc="暂存" operation="asysubmit" updateClass="com.huateng.report.hfaml3.bs.update.AmlBSDsCollInfoUpdate" url="#" txn="" />
        <Button id="btBack" name="btBack" desc="返回" operation="" url="#" />
		
		
		<Button id="btApprove" name="btApprove" desc="审核" updateClass="" operation="" 
			url="#" show="" group="" txn="" icon="icon-ok" />
		<Button id="btSubmit2" name="btSubmit" operation="asysubmit"  desc="确认" updateClass="com.huateng.report.hfaml3.bs.update.AmlBSUploadCYSHUpdate" 
			url="#" show="" group="" txn="" icon="icon-ok" />
		<Button id="btCancel" name="btCancel" desc="取消" updateClass="" operation="" 
			url="#" show="" group="" txn="" icon="icon-ok" />
	</Operations>
</CommQry>
