<?xml version="1.0" encoding="UTF-8"?>
<!-- 用于直接生成SQL语句，支持同步和异步提交 -->
<!-- title:标题 navigate:导航信息 type:方式（sql|call) interface:是否显示输入条件页面(true|false) 
	databusid:数据总线编号 transdataactionurl:数据整理URL async:异步提交标志 pagesize:页面显示记录数(缺省为10) -->
<CommQry title="大额交易" navigate="反洗钱&gt;  大额交易"
	type="call" 
	interface="true" 
	pagesize="100" 
	async="true" 
	databusid=""
	transdataactionurl="/trans/TransDataAction.do" 
	getterclassname="com.huateng.report.hfaml3.bh.getter.AmlBhbsDsBakMirrorThreeGetter">
	<Include id="BankParam" />
	<Fields>
		<!--公共基础信息 -->
		<Field id="select" desc="选择" method="None" edittype="checkbox" datatype="boolean" xpath="" />	  
		<Field id="id" desc="记录主键" edittype="text" datatype="string" method="None" readonly="false" size="32" status="N"  primary="true" xpath="/id" />      
		<Field id="apptype" desc="应用类型" edittype="text" datatype="string" method="None" readonly="false" size="3" status="N"  xpath="/apptype" />
		<Field id="currentfile" desc="文件类型" edittype="text" datatype="string" method="None" readonly="false" size="2" status="N"  xpath="/currentfile" />
		<Field id="brNo" desc="机构号" edittype="text" datatype="string" method="None" readonly="false" size="20" status="F"  xpath="/brNo" />	
		<Field id="brNoName" desc="机构名称" status="F" method="com.huateng.ebank.business.common.CQMethod.getBrnoName" width="" readonly="" primary="true" type="String" size="150" xpath="/brNo" />	
		<Field id="roleName" desc="部门编号" edittype="text" datatype="string" require="false" method="None" readonly="false" size="60" status="F"  xpath="/roleName" />  
		<Field id="selectRolename" desc="部门编号" edittype="select" require="" status="F" translated="CQ:roleNameGetterSelect" fieldmap="selectRolename=id" method="None" viewField="id" primary="true" dropdowntype="dynamic" init="true"  datatype="string" size="60"  xpath="/selectRolename" />   
		<Field id="workDate" desc="工作日期" edittype="text" datatype="date" method="None" readonly="false" size="8" status="F"  xpath="/workDate" /> 
		<Field id="reportType" desc="大额报文类型" edittype="select" datatype="string" method="None" readonly="false" size="2" status="F"  xpath="/reportType" translated="DATA_DIC.151" />  	
		<!--报告机构信息 -->
		<Field id="ricd" desc="报告机构编码" edittype="text" datatype="string" require="false" method="None" readonly="false" size="14" status="F"  xpath="/ricd" />  
		<!--客户信息 -->
		<Field id="csnm" desc="客户号" edittype="text" datatype="string" require="false" method="None" readonly="false" size="32" status="F"  xpath="/csnm" /> 
		<Field id="ctnm" desc="客户名称/姓名" edittype="text" datatype="string" require="false" method="None" readonly="false" size="512" status="F"  xpath="/ctnm" />  
		<Field id="citp" desc="客户身份证件/证明文件类型" edittype="select" init="false" datatype="string" require="false" method="None" readonly="false" size="6" translated="DATA_DIC.158" status="F"  xpath="/citp" />
		<Field id="ctid" desc="客户身份证件/证明文件号码" edittype="text" datatype="string" require="false" method="None" readonly="false" size="128" status="F"  xpath="/ctid" /> 
		<Field id="aoitp" desc="客户其他身份证件/证明文件类型" edittype="text" datatype="string" require="false" method="None" readonly="false" size="128" status="F"  xpath="/aoitp" /> 
		<Field id="ctnt" desc="客户国籍" require="false" edittype="select" size="3"  datatype="string" status="F" translated="CQ:BiNationregionSelect" editable="false" dropdowntype="dynamic" viewField="nationregionIdName" method="None" fieldmap="ctnt=nationregionId;ctntName=nationregionIdName" xpath="/ctnt" />    
		<Field id="ctntName" desc="客户国籍" status="F" method="com.huateng.ebank.business.common.CQMethod.getNationregionIdName" editable="true" readonly="" primary="" type="string" size="150"  xpath="/ctnt"/>      
		<Field id="ctvc" desc="客户职业（对私）或客户行业（对公）" edittype="select"  require="false" status="F" translated="CQ:ctvcSelect" fieldmap="ctvcName=name;ctvc=id" method="None" viewField="name" primary="true" dropdowntype="dynamic"  cached="false" datatype="string" size="8"  xpath="/ctvc" />
		<Field id="ctvcName" desc="客户职业（对私）或客户行业（对公）" status="F" method="com.huateng.ebank.business.common.CQMethod.getctvcName" primary="true" type="String" size="150"	 xpath="/ctvc"  codetype="CTVC"/>  
		<Field id="cctl" desc="联系电话" edittype="text" datatype="string" method="None" readonly="false" size="800" status="F"  xpath="/cctl" />
		<Field id="ctar" desc="客户详细地址" edittype="text" datatype="string" method="None" readonly="false" size="4000" status="F"  xpath="/ctar" />     
		<Field id="ccei" desc="客户其他联系方式" edittype="text" datatype="string" method="None" readonly="false" size="4000" status="F"  xpath="/ccei" />    
		<Field id="cbct" desc="客户银行卡类型"  require="false" edittype="select" translated="DATA_DIC.9015"  readonly="" primary="" size="2" datatype="string" xpath="/cbct" />
		<Field id="ocbt" desc="客户银行卡其他类型" edittype="text" datatype="string" method="None" readonly="false" size="128" status="F"  xpath="/ocbt" />
		<Field id="cbcn" desc="客户银行卡号码" edittype="text" datatype="string" method="None" readonly="false" size="64" status="F"  xpath="/cbcn" />       
		<!--大额交易信息 -->    
		<Field id="htdt" desc="大额交易发生日期" edittype="text" datatype="date" require="false" method="None" readonly="false" size="8" status="F"  xpath="/htdt" /> 
		<Field id="crcd" desc="大额交易特征代码" edittype="select" datatype="string" require="false" method="None" readonly="false" size="4" translated="DATA_DIC.162" status="N"  xpath="/crcd" /> 
		<Field id="finc" desc="金融机构网点代码" edittype="text" datatype="string" require="false" method="None" readonly="false" size="16" status="F"  xpath="/finc" />   
		<Field id="rlfc" desc="金融机构与客户的关系" edittype="select" datatype="string" require="false" method="None" readonly="false" size="2" translated="DATA_DIC.9016" status="N"  xpath="/rlfc" />   
		<Field id="catp" desc="客户账户类型" require="false" edittype="select" datatype="string" method="None" readonly="false" size="6" status="F"  xpath="/catp" translated="DATA_DIC.3004" /> 
		<Field id="ctac" desc="客户账号" edittype="text" datatype="string" require="false" method="None" readonly="false" size="64" status="F"  xpath="/ctac"/>    
		<Field id="oatm" desc="客户账户开户时间" edittype="text" datatype="timestamp" method="None" readonly="false" size="14" status="F" xpath="/oatm" /> 
		<!--大额交易信息  代办人信息 -->      
		<Field id="tbnm" desc="交易代办人姓名" edittype="text" datatype="string" require="false" method="None" readonly="false" size="128" status="F"   xpath="/tbnm" />  
		<Field id="tbit" desc="代办人身份证件/证明文件类型" edittype="select" datatype="string" require="false" method="None" readonly="false" size="6" translated="DATA_DIC.158" init="false" status="F"  xpath="/tbit" />     
		<Field id="tbid" desc="代办人身份证件/证明文件号码" edittype="text" datatype="string" require="false" method="None" readonly="false" size="128" status="F"  xpath="/tbid" />     
		<Field id="boitp" desc="代办人其他身份证件/证明文件类型" edittype="text" datatype="string" require="false" method="None" readonly="false" size="128" status="F"  xpath="/boitp" /> 
		<Field id="tbnt" desc="代办人国籍" require="false" edittype="select" size="3"  datatype="string" status="F" translated="CQ:BiNationregionSelect" editable="true" dropdowntype="dynamic" viewField="nationregionIdName" method="None" fieldmap="tbnt=nationregionId;tbntName=nationregionIdName" xpath="/tbnt" />
		<Field id="tbntName" desc="代办人国籍" status="F" method="com.huateng.ebank.business.common.CQMethod.getNationregionIdName" editable="true" readonly="" primary="" type="string" size="150"	 xpath="/tbnt"  />       
		<!--大额交易信息  交易详细信息 -->  
		<Field id="tstm" desc="交易时间" edittype="text" datatype="timestamp" method="None" readonly="false" size="14" status="F"  xpath="/tstm"/>  
		<Field id="ticd" desc="业务标识号" edittype="text" datatype="string" require="false" method="None" readonly="false" size="256" status="F"  xpath="/ticd" />      
		<Field id="rpmt" desc="收付款方匹配号类型" edittype="select" datatype="string" require="false" method="None" readonly="false" size="2" translated="DATA_DIC.9017" init="false" status="F"  xpath="/rpmt" />   
		<Field id="rpmn" desc="收付款方匹配号" datatype="string" require="false" method="None" readonly="false" size="500" status="F"  xpath="/rpmn" />   
		<Field id="tstp" desc="交易方式" edittype="select"  require="false" status="F" translated="CQ:BiTreeDataDicSelect" fieldmap="tstpName=name;tstp=id" method="None" viewField="name" primary="true" dropdowntype="dynamic"   datatype="string" size="8"  xpath="/tstp" />
		<Field id="tstpName" desc="交易方式" status="F" method="com.huateng.ebank.business.common.CQMethod.getBiTreeDataDicName" readonly="" primary="true" type="String" size="150"	 xpath="/tstp"  codetype="TSTP"/>    
		<Field id="octt" desc="非柜台交易方式" edittype="select" datatype="string" require="false" method="None" readonly="false" size="2" translated="DATA_DIC.9018" init="false" status="F"  xpath="/octt" />    
		<Field id="ooct" desc="其他非柜台交易方式" edittype="text" datatype="string" require="false" method="None" readonly="false" size="64" status="F"  xpath="/ooct" />     
		<Field id="ocec" desc="非柜台交易方式的设备代码" edittype="text" datatype="string" require="false" method="None" readonly="false" size="500" status="F"  xpath="/ocec" />  
		<Field id="bptc" desc="银行与支付机构之间的业务交易编码" edittype="text" datatype="string" require="false" method="None" readonly="false" size="500" status="F"  xpath="/bptc" />  
		<Field id="tsct" desc="涉外收支交易分类与代码" require="false" status="F" translated="CQ:MtsInOutCodeTreeSelect" fieldmap="tsctName=name;tsct=id" method="None" viewField="name" primary="true" dropdowntype="dynamic" edittype="select" datatype="string" size="16"  xpath="/tsct" />
		<Field id="tsctName" desc="涉外收支交易分类与代码" status="F" method="com.huateng.ebank.business.common.CQMethod.gettsctName" readonly="" primary="true" type="String" size="150" xpath="/tsct"  codetype="AML"/>     
		<Field id="tsdr" desc="资金收付标志" require="false" edittype="select" datatype="string" method="None" readonly="false" size="2" status="F"  xpath="/tsdr" translated="DATA_DIC.164" />    
		<Field id="trcd" desc="交易发生地" require="" edittype="select" size="3"  datatype="string" status="F" translated="CQ:BiNationregionSelect" editable="true" dropdowntype="dynamic" cached="false" viewField="nationregionIdName" method="None" fieldmap="trcd=nationregionId;trcdName=nationregionIdName" xpath="/trcd" />
		<Field id="trcdName" desc="交易发生地" status="F" method="com.huateng.ebank.business.common.CQMethod.getNationregionIdName" editable="true" readonly="" primary="" type="string" size="150"	cached="false"  xpath="/trcd"  /> 
		<Field id="trcdSuffix" desc="交易发生地区代码" edittype="select" datatype="string" require="false" method="None" readonly="false" translated="CQ:BiAreacodeSelect" editable="false" dropdowntype="dynamic" viewField="areaName"  fieldmap="trcdSuffix=areacode;trcdSuffixName=areaName" size="6" status="F"  cached="false" xpath="/trcdSuffix" />
		<Field id="trcdSuffixName" desc="交易发生地区代码" editable="false" status="F" method="com.huateng.ebank.business.common.CQMethod.getAreacodeName" readonly="" primary="" type="string" cached="false" size="150"	 xpath="/trcdSuffix"  /> 
		<Field id="crpp" desc="资金用途" edittype="text" datatype="string" require="false" method="None" readonly="false" size="256" status="F"  xpath="/crpp" />  
		<Field id="crtp" desc="币种" editable="false" require="false" edittype="select" translated="CQ:CurrencySelect" dropdowntype="dynamic" method="None" viewField="currencyNoName" status="F" fieldmap="crtp=currencyNo;crtpName=currencyNoName"  size="3"  xpath="/crtp"/>  
		<Field id="crtpName" desc="币种" editable="false" status="F" require="" method="com.huateng.ebank.business.common.CQMethod.getCurNameByCurNo" width="" readonly="" primary="true" type="String" size="150" xpath="/crtp" />
		<Field id="crat" desc="交易金额" edittype="text" datatype="currency" require="false" method="None" readonly="false" size="20" status="F"  scale="3"  xpath="/crat" />  
		<Field id="traAmountCny" desc="交易金额（人民币）" edittype="text" datatype="currency" require="" method="None" readonly="false" size="20" status="F"  scale="3"  xpath="/traAmountCny" />
		<Field id="traAmountUsd" desc="交易金额（美元）" edittype="text" datatype="currency" require="" method="None" readonly="false" size="20" status="F"  scale="3"  xpath="/traAmountUsd" />
		<!--大额交易信息   交易对手信息 -->
		<Field id="cfin" desc="对方金融机构网点名称" edittype="text" datatype="string" require="false" method="None" readonly="false" size="128" status="F"  xpath="/cfin"/>   
		<Field id="cfct" desc="对方金融机构代码网点类型" edittype="select" datatype="string" require="false" method="None" readonly="false" size="2"  translated="DATA_DIC.9300" status="F"  xpath="/cfct" />
		<Field id="cfic" desc="对方金融机构网点代码" edittype="text" datatype="string" require="false" method="None" readonly="false" size="16" status="F"  xpath="/cfic" />      
		<Field id="cfrc" desc="对方金融机构网点国家" require="" edittype="select" size="3"  datatype="string" status="F" translated="CQ:BiNationregionSelect" editable="false" dropdowntype="dynamic" cached="false" viewField="nationregionIdName" method="None" fieldmap="cfrc=nationregionId;cfrcName=nationregionIdName" xpath="/cfrc" />
		<Field id="cfrcName" desc="对方金融机构网点" status="F" method="com.huateng.ebank.business.common.CQMethod.getNationregionIdName" editable="false" readonly="" primary="" type="string" size="150"	cached="false"  xpath="/cfrc"  /> 
		<Field id="cfrcSuffix" desc="对方金融机构网点地区行政区划代码" edittype="select" datatype="string" require="false" method="None" readonly="false" translated="CQ:BiAreacodeSelect" editable="false" dropdowntype="dynamic" viewField="areaName"  fieldmap="cfrcSuffix=areacode;cfrcSuffixName=areaName" size="6" status="F" cached="false" xpath="/cfrcSuffix" />
		<Field id="cfrcSuffixName" desc="对方金融机构网点地区行政区划代码" editable="false" status="F" method="com.huateng.ebank.business.common.CQMethod.getAreacodeName" type="string" cached="false" size="150" xpath="/cfrcSuffix" /> 
		<Field id="tcnm" desc="交易对手姓名/名称" edittype="text" datatype="string" require="false" method="None" readonly="false" size="128" status="F" xpath="/tcnm" />   
		<Field id="tcit" desc="交易对手身份证件/证明文件类型" edittype="select" datatype="string" require="false" method="None" readonly="false" size="32" translated="DATA_DIC.158" init="false" status="N"  xpath="/tcit" /> 
		<Field id="tcid" desc="交易对手身份证件/证明文件号码" edittype="text" datatype="string" require="false" method="None" readonly="false" size="128" status="F"  xpath="/tcid" />   
		<Field id="coitp" desc="交易对手其他身份证件/证明文件类型" edittype="text" datatype="string" require="false" method="None" readonly="false" size="128" status="F"  xpath="/coitp" /> 
		<Field id="tcat" desc="交易对手账户类型" require="false" edittype="select" datatype="string" method="None" readonly="false" size="6" status="F"  xpath="/tcat" translated="DATA_DIC.3004" />   
		<Field id="tcac" desc="交易对手账号" edittype="text" datatype="string" require="false" method="None" readonly="false" size="64" status="F"  xpath="/tcac" />
		<Field id="rotf1" desc="交易信息备注1" edittype="text" datatype="string" require="false" method="None" readonly="false" size="256" status="F"  xpath="/rotf1" />
		<Field id="rotf2" desc="交易信息备注2" edittype="text" datatype="string" require="false" method="None" readonly="false" size="256" status="F"  xpath="/rotf2" />

		       
		<!-- 3号令之后没有用到的字段           先保留     Start-->
		<Field id="rinm" size="64" desc="报告机构名称"  edittype="select" datatype="string" translated="CQ:BctlAllSelect" fieldmap="rinm=brno;rinmName=brcodeTypeName" viewField="brcodeTypeName" dropdowntype="dynamic" init="true" require="false" readonly="false" xpath="/rinm"/> 
		<Field id="rinmName" desc="金融机构网点名称" status="N" method="com.huateng.ebank.business.common.CQMethod.getBrnoName" width="" readonly="false" primary="true" type="String" size="150" xpath="/rinm" />     
		<Field id="rpdt" desc="报告生成日期" edittype="text" datatype="date" require="false" method="None" readonly="false" size="8" status="F"  xpath="/rpdt" />  
		<Field id="cttn" desc="交易主体总数" edittype="text" datatype="string" require="false" method="None" readonly="false" size="8" status="F"  xpath="/cttn" />  
		<Field id="cati" desc="交易主体编号" edittype="text" datatype="string" require="false" method="None" readonly="false" size="8" status="F"  xpath="/cati" />  
		<Field id="ttnm" desc="交易总数" edittype="text" datatype="string" require="false" method="None" readonly="false" size="8" status="F"  xpath="/ttnm" />  
		<Field id="tsdt" desc="交易编号" edittype="text" datatype="string" require="false" method="None" readonly="false" size="8" status="F"  xpath="/tsdt" /> 
		<Field id="cttp" desc="客户类型" require="false" edittype="select" translated="DATA_DIC.2001" datatype="string" method="None" readonly="false" size="2" status="F"  xpath="/cttp" />	
		<Field id="citpDesc" desc="客户身份证件/证明文件类型进一步说明" edittype="text" datatype="string" require="false" method="None" readonly="false" size="32"  status="F"  xpath="/citpDesc" /> 
		<Field id="finn" desc="金融机构网点名称" edittype="text" datatype="string" require="false" method="None" readonly="false" size="64" status="F"  xpath="/finn" />  
		<Field id="firc" desc="金融机构网点所在地区行政区划代码" edittype="select" datatype="string" require="false" method="None" readonly="false" translated="CQ:BiAreacodeSelect" editable="false" dropdowntype="dynamic" viewField="areaName"  fieldmap="firc=areacode;fircName=areaName" size="6" status="F"  cached="false" xpath="/firc" /> 
		<Field id="fircName" desc="金融机构网点所在地区行政区划代码" editable="false" status="F" method="com.huateng.ebank.business.common.CQMethod.getAreacodeName"  readonly="" primary="" type="string" cached="false" size="150"	 xpath="/firc" />  
		<Field id="rltp" desc="金融机构网点与大额交易的关系" edittype="select" datatype="string" method="None" readonly="false" size="2" status="F"  xpath="/rltp" translated="DATA_DIC.163" />      
		<Field id="fict" desc="金融机构网点代码类型" edittype="text" datatype="string" require="false" method="None" readonly="false"  size="2" status="F"  xpath="/fict" /> 
		<Field id="tbitDesc" desc="代办人身份证件/证明文件类型进一步说明" edittype="text" datatype="string" require="false" method="None" readonly="false" size="32" status="F"  xpath="/tbitDesc" /> 
		<Field id="tdrc" desc="交易方向国别" require="false" edittype="select" size="3"  datatype="string" status="F" translated="CQ:BiNationregionSelect" editable="false" dropdowntype="dynamic" cached="false" viewField="nationregionIdName" method="None" fieldmap="tdrc=nationregionId;tdrcName=nationregionIdName" xpath="/tdrc" />
		<Field id="tdrcName" desc="交易方向地区" status="F" method="com.huateng.ebank.business.common.CQMethod.getNationregionIdName" editable="false" readonly="" primary="" type="string" size="150"	cached="false"  xpath="/tdrc"  /> 
		<Field id="tdrcSuffix" desc="交易方向国别" edittype="select" datatype="string" require="false" method="None" readonly="false" translated="CQ:BiAreacodeSelect" editable="false" dropdowntype="dynamic" viewField="areaName"  fieldmap="tdrcSuffix=areacode;tdrcSuffixName=areaName" size="6" status="F"  cached="false" xpath="/tdrcSuffix" />
		<Field id="tdrcSuffixName" desc="交易方向区域" editable="false" status="F" method="com.huateng.ebank.business.common.CQMethod.getAreacodeName" readonly="" primary="" type="string" cached="false" size="150"	 xpath="/tdrcSuffix"  /> 
		<Field id="tcitDesc" desc="交易对手身份证件/证明文件类型" edittype="text" datatype="string" require="false" method="None" readonly="false" size="32" status="F"  xpath="/tcitDesc" /> 
		<!-- 3号令之后没有用到的字段           先保留     end-->
	
		     
		<!--记录状态信息 -->      
		<Field id="isDel" desc="是否删除" edittype="select" datatype="string" translated="DATA_DIC.226" require="false" method="None" readonly="true" size="1" status="F"  xpath="/isDel" editable="false" />
		<Field id="subSuccess" desc="是否已成功上报" edittype="select" datatype="string" method="None" readonly="true" size="1" status="F"  xpath="/subSuccess" translated="DATA_DIC.65" />
		<Field id="crtTm" desc="创建时间" edittype="text" datatype="timestamp" method="None" readonly="true" size="14" status="F"  xpath="/crtTm" />
		<Field id="lstUpdTlr" desc="最后更新人" edittype="text" datatype="string" method="None" readonly="true" size="20" status="F"  xpath="/lstUpdTlr" />
		<Field id="lstUpdTm" desc="最后更新时间" edittype="text" datatype="timestamp" method="None" readonly="true" size="14" status="F"  xpath="/lstUpdTm" />
		<Field id="recordUpdTlr" desc="补录人" edittype="text" datatype="string" method="None" readonly="true" size="20" status="F"  xpath="/recordUpdTlr" />
		<Field id="recordUpdTm" desc="补录时间" edittype="text" datatype="timestamp" method="None" readonly="true" size="34" status="F"  xpath="/recordUpdTm" />
		<Field id="approveUpdTlr" desc="审核人" edittype="text" datatype="string" method="None" readonly="true" size="20" status="F"  xpath="/approveUpdTlr" />
		<Field id="approveUpdTm" desc="审核时间" edittype="text" datatype="timestamp" method="None" readonly="true" size="14" status="F"  xpath="/approveUpdTm"/>
		<Field id="recStatus" desc="记录状态" edittype="select" datatype="string" method="None" readonly="true" size="2" status="F"  xpath="/recStatus" translated="DATA_DIC.62"/>
		<Field id="repStatus" desc="回执状态" edittype="select" datatype="string" method="None" readonly="true" size="2" status="F"  xpath="/repStatus" translated="DATA_DIC.301" />
		<Field id="approveStatus" desc="审核状态" edittype="select" datatype="string" method="None" readonly="true" size="2" status="F"  xpath="/approveStatus" translated="DATA_DIC.64" />
		<Field id="approveResult" desc="审核说明" edittype="textarea" datatype="string" method="None" readonly="true" width="300" size="256" status="F" default="" xpath="/approveResult" tip="审核说明"/>
		<Field id="isComp" desc="是否完整" edittype="select" datatype="string" translated="DATA_DIC.227" require="false" method="None" readonly="true" size="1" status="F"  xpath="/isComp"  />
		<Field id="errmsg" desc="回执错误信息" edittype="textarea" datatype="string" require="false" method="None" readonly="true" width="300"  size="500" status="F" default="" xpath="/errmsg" />  
		<Field id="sourceType" desc="数据来源" edittype="select" datatype="string" method="None" readonly="true" size="2" status="F"  xpath="/sourceType" translated="DATA_DIC.9200"/> 
		<Field id="xmlfilename" desc="XML文件名称" edittype="text" datatype="string" require="false" method="None" readonly="true" size="128" status="N"  xpath="/xmlfilename" />  
		<Field id="zipfilename" desc="ZIP文件名称" edittype="text" datatype="string" require="false" method="None" readonly="true" size="128" status="N"  xpath="/zipfilename" />
		<Field id="filler2" desc="抽样审核状态" edittype="select" datatype="string" method="None" readonly="true"  size="2" status="F" default="" xpath="/filler2" translated="DATA_DIC.64" />
		<Field id="filler3" desc="抽样审核说明" edittype="textarea" datatype="string" method="None" readonly="true" width="300" size="256" status="F" default="" xpath="/filler3" /> 
	
		<Field id="pkinfo" desc="主键信息" edittype="text" datatype="string" require="false" method="None" readonly="true" width="500" size="64" status="F" default="" xpath="/pkinfo" />  
		 
		       
		<!-- aml_lar_trad_info -->
		   <Field id="tdfinaarea" desc="对方金融机构网点国家" require="" edittype="select" size="3"  datatype="string"  
	           status="F" translated="CQ:BiNationregionSelect" editable="true" dropdowntype="dynamic" cached="false" viewField="nationregionIdName" method="None" fieldmap="tdfinaarea=nationregionId;tdfinaareaName=nationregionIdName"
	           xpath="/tdfinaarea" />
        <Field id="tdfinaareaName" desc="对方金融机构网点" status="F" method="com.huateng.ebank.business.common.CQMethod.getNationregionIdName" editable="true"
               readonly="" primary="" type="string" size="150"	cached="false"  xpath="/tdfinaarea" default="" /> 
		<Field id="tdfinaareaSuffixLar" desc="对方金融机构网点地区行政区划代码" edittype="select" datatype="string" require="false" method="None" readonly="false" translated="CQ:BiAreacodeSelect" editable="true"
		       dropdowntype="dynamic" viewField="areaName"  fieldmap="tdfinaareaSuffixLar=areacode;tdfinaareaSuffixLarName=areaName"
		       size="6" status="F" default="" cached="false" xpath="/tdfinaareaSuffixLar" />
	    <Field id="tdfinaareaSuffixLarName" desc="对方金融机构网点地区行政区划代码" editable="true" status="F"
               method="com.huateng.ebank.business.common.CQMethod.getAreacodeName"
               readonly="" primary="" type="string" cached="false" size="150"	 xpath="/tdfinaareaSuffixLar" default="" /> 
		<Field id="bankCardTypeDesc"   desc="客户银行卡其他类型" edittype="text" datatype="string" method="None" readonly="false" size="100"  status="N" default="" xpath="/bankCardTypeDesc"  />	
		<Field id="etlDate"              desc="数据日期"                         edittype="text" datatype="date"   method="None" readonly="false" size="34"  status="N" default="" xpath="/etlDate"              />
		<Field id="finaOrgNoRelatoCust"  desc="金融机构与客户的关系" edittype="select" datatype="string" require="false" method="None" readonly="false" 
		       size="2" translated="DATA_DIC.9016" status="N" default="" xpath="/finaOrgNoRelatoCust"  />
		<Field id="finaOrgCode"          desc="金融机构网点代码"                 edittype="text" datatype="string" method="None" readonly="false" size="12"  status="N" default="" xpath="/finaOrgCode"          />
		<Field id="custNo"               desc="客户号"                           edittype="text" datatype="string" method="None" readonly="false" size="32"  status="N" default="" xpath="/custNo"               />
		<Field id="custName"             desc="客户名称/姓名"                    edittype="text" datatype="string" method="None" readonly="false" size="64"  status="N" default="" xpath="/custName"             />
		<Field id="custIdType"           desc="客户身份证件/证明文件类型"        edittype="select" datatype="string"  translated="DATA_DIC.158" method="None" readonly="false" size="32"  status="N" default="" xpath="/custIdType"           />
		<Field id="custIdCertNo"         desc="客户身份证件/证明文件号码"        edittype="text" datatype="string" method="None" readonly="false" size="20"  status="N" default="" xpath="/custIdCertNo"         />
		<Field id="custMetierIndt" desc="客户职业（对私）或客户行业（对公）" edittype="select"  require="false" status="F" translated="CQ:ctvcSelect" fieldmap="custMetierIndtName=name;custMetierIndt=id" method="None" viewField="name" primary="true" dropdowntype="dynamic"  cached="false" datatype="string" size="8"  xpath="/custMetierIndt" />
		<Field id="custMetierIndtName" desc="客户职业（对私）或客户行业（对公）" status="F" method="com.huateng.ebank.business.common.CQMethod.getctvcName" primary="true" type="String" size="150"	 xpath="/custMetierIndt"  codetype="CTVC"/>  
		<Field id="custContactPatn"      desc="客户联系方式"                     edittype="text" datatype="string" method="None" readonly="false" size="32"  status="N" default="" xpath="/custContactPatn"      />
		<Field id="custNatCode" desc="客户国籍" require="false" edittype="select" size="3"  datatype="string" status="F" translated="CQ:BiNationregionSelect" 
	           editable="true" dropdowntype="dynamic" viewField="nationregionIdName" method="None" fieldmap="custNatCode=nationregionId;custNatCodeName=nationregionIdName"
	           xpath="/custNatCode" />    
		<Field id="custNatCodeName" desc="客户国籍" status="F"
               method="com.huateng.ebank.business.common.CQMethod.getNationregionIdName" editable="true"
               readonly="" primary="" type="string" size="150"	 xpath="/custNatCode" default="" />  
		<Field id="custOpenAcctDate"     desc="客户开户时间"         edittype="text" datatype="timestamp"   method="None" readonly="false" size="34"  status="N" default="" xpath="/custOpenAcctDate"     />
		<Field id="acctNo"               desc="账号"                             edittype="text" datatype="string" method="None" readonly="false" size="64"  status="N" default="" xpath="/acctNo"               />
		<Field id="acctType"             desc="账户类型"  edittype="select" datatype="string" method="None" readonly="false" 
		       size="6" status="F" translated="DATA_DIC.3004" default="" xpath="/acctType"             />
		<Field id="bankCardType"         desc="银行卡类型" edittype="select" translated="DATA_DIC.9015" 
			   readonly="" primary="" size="2" datatype="string" xpath="/bankCardType"         />
		<Field id="bankCardNo"           desc="银行卡号码"                       edittype="text" datatype="string" method="None" readonly="false" size="50"  status="N" default="" xpath="/bankCardNo"           />
		<Field id="chargeName"           desc="代办人姓名"                       edittype="text" datatype="string" method="None" readonly="false" size="64"  status="N" default="" xpath="/chargeName"           />
		<Field id="chargeIdType" desc="代办人身份证件/证明文件类型" edittype="select" datatype="string" require="false" method="None" readonly="false" 
		       size="32" translated="DATA_DIC.158" init="false" status="F" default="" xpath="/chargeIdType" />
		<Field id="chargeIdCertNo"       desc="代办人身份证件/证明文件号码"      edittype="text" datatype="string" method="None" readonly="false" size="20"  status="N" default="" xpath="/chargeIdCertNo"       />
		<Field id="chargeNatCode" desc="代办人国籍" require="false" edittype="select" size="3"  datatype="string"  
	           status="F" translated="CQ:BiNationregionSelect" editable="true" dropdowntype="dynamic" viewField="nationregionIdName" method="None" 
	           fieldmap="chargeNatCode=nationregionId;chargeNatCodeName=nationregionIdName" xpath="/chargeNatCode" />
        <Field id="chargeNatCodeName" desc="代办人国籍" status="F"
               method="com.huateng.ebank.business.common.CQMethod.getNationregionIdName" editable="true"
               readonly="" primary="" type="string" size="150"	 xpath="/chargeNatCode" default="" />       
		<Field id="tradTime"             desc="交易时间"                         edittype="text" datatype="timestamp"   method="None" readonly="false" size="34"  status="N" default="" xpath="/tradTime"             />
		<Field id="tradPlace"            desc="交易发生地"                       edittype="text" datatype="string" method="None" readonly="false" size="9"   status="N" default="" xpath="/tradPlace"            />
		<Field id="bussFlag"             desc="业务标识号"                       edittype="text" datatype="string" method="None" readonly="false" size="64"  status="N" default="" xpath="/bussFlag"             />
		<Field id="payMatchNoType"       desc="收付款方匹配号类型"  edittype="select" datatype="string" require="false" method="None" readonly="false" 
		       size="2" translated="DATA_DIC.9017" init="false" status="F" default="" xpath="/payMatchNoType"       />
		<Field id="payMatchNo"           desc="收付款方匹配号"                   edittype="text" datatype="string" method="None" readonly="false" size="64"  status="N" default="" xpath="/payMatchNo"           />
		<Field id="tradType" desc="交易方式" edittype="select"  require="false" status="F" translated="CQ:BiTreeDataDicSelect" fieldmap="tradTypeName=name;tradType=id"  method="None" viewField="name" primary="true" dropdowntype="dynamic"   datatype="string" size="8" default="" xpath="/tradType" />
        <Field id="tradTypeName" desc="交易方式" status="F" method="com.huateng.ebank.business.common.CQMethod.getBiTreeDataDicName" readonly="" primary="true" type="String" size="150"	 xpath="/tradType" default="" codetype="TSTP"/>   
	<!-- 	<Field id="tstp" desc="交易方式" edittype="select"  require="false" status="F" translated="CQ:BiTreeDataDicSelect" fieldmap="tstpName=name;tstp=id" method="None" viewField="name" primary="true" dropdowntype="dynamic"   datatype="string" size="8"  xpath="/tstp" />
		<Field id="tstpName" desc="交易方式" status="F" method="com.huateng.ebank.business.common.CQMethod.getBiTreeDataDicName" readonly="" primary="true" type="String" size="150"	 xpath="/tstp"  codetype="TSTP"/>     -->
		<Field id="overseaPayTradNoType" desc="涉外收支交易分类与代码" require="false" status="F" translated="CQ:MtsInOutCodeTreeSelect"
               fieldmap="overseaPayTradNoTypeName=name;overseaPayTradNoType=id" method="None" viewField="name" primary="true"
               dropdowntype="dynamic" edittype="select" datatype="string" size="4" default="" xpath="/overseaPayTradNoType" />
        <Field id="overseaPayTradNoTypeName" desc="涉外收支交易分类与代码" status="F" method="com.huateng.ebank.business.common.CQMethod.gettsctName"
               width="" readonly="" primary="true" type="String" size="150" xpath="/overseaPayTradNoType" default="" codetype="AML"/>
		<Field id="fundPayFlag"          desc="资金收付标志"                     edittype="select" translated="DATA_DIC.164" datatype="string" method="None" readonly="false" size="2"   status="N" default="" xpath="/fundPayFlag"          />
		<Field id="fundPayPurpos"        desc="资金用途"                         edittype="text" datatype="string" method="None" readonly="false" size="128" status="N" default="" xpath="/fundPayPurpos"        />
		<Field id="ccyCd" desc="币种" editable="true" require="false" edittype="select" translated="CQ:CurrencySelect" dropdowntype="dynamic" method="None" viewField="currencyNoName" status="F"
               fieldmap="ccyCd=currencyNo;ccyCdName=currencyNoName"   size="3" default="" xpath="/ccyCd" tip="币种"/>  
        <Field id="ccyCdName" desc="币种" editable="true" status="F" require="" method="com.huateng.ebank.business.common.CQMethod.getCurNameByCurNo" width="" readonly="" primary="true" type="String" size="150"
			   xpath="/ccyCd" default=""/>
		<Field id="cTradAmt"              desc="交易金额"                         edittype="text" datatype="currency" method="None" readonly="false" size="20"  status="N" default="" xpath="/cTradAmt"              />
		<Field id="opsFinaOrgName"       desc="对方金融机构网点名称"             edittype="text" datatype="string" method="None" readonly="false" size="2"   status="N" default="" xpath="/opsFinaOrgName"       />
		<Field id="opsFinaOrgCodeType"   desc="对方金融机构网点代码类型"  edittype="select" datatype="string" require="false" method="None" readonly="false" 
		       size="2"  translated="DATA_DIC.161" status="F" default="" xpath="/opsFinaOrgCodeType"   />
		<Field id="opsFinaOrgCode"       desc="对方金融机构网点代码"             edittype="text" datatype="string" method="None" readonly="false" size="12"  status="N" default="" xpath="/opsFinaOrgCode"       />
		<!-- <Field id="opsFinaOrgAreaCode"   desc="对方金融机构网点行政区划代码"     edittype="text" datatype="string" method="None" readonly="false" size="9"   status="N" default="" xpath="/opsFinaOrgAreaCode"   /> -->
		<Field id="opsFinaOrgAreaCode" desc="对方金融机构网点地区行政区划代码" edittype="select" datatype="string" require="false" method="None" readonly="false" translated="CQ:BiAreacodeSelect" editable="false" dropdowntype="dynamic" viewField="areaName"  fieldmap="opsFinaOrgAreaCode=areacode;opsFinaOrgAreaCodeName=areaName" size="6" status="F" cached="false" xpath="/opsFinaOrgAreaCode" />
		<Field id="opsFinaOrgAreaCodeName" desc="对方金融机构网点地区行政区划代码" editable="false" status="F" method="com.huateng.ebank.business.common.CQMethod.getAreacodeName" type="string" cached="false" size="150" xpath="/opsFinaOrgAreaCode" /> 
		
		<Field id="tradAdvsName"         desc="交易对手姓名/名称"                edittype="text" datatype="string" method="None" readonly="false" size="64"  status="N" default="" xpath="/tradAdvsName"         />
		<Field id="tradAdvsIdType"       desc="交易对手身份证件/证明文件类型"    edittype="select" translated="DATA_DIC.158" datatype="string" method="None" readonly="false" size="32"  status="N" default="" xpath="/tradAdvsIdType"       />
		<Field id="tradAdvsIdCertNo"     desc="交易对手身份证件/证明文件号码"    edittype="text" datatype="string" method="None" readonly="false" size="20"  status="N" default="" xpath="/tradAdvsIdCertNo"     />
		<Field id="tradAdvsAcctType"     desc="交易对手账户类型"                 edittype="select" translated="DATA_DIC.3004" datatype="string" method="None" readonly="false" size="4"   status="N" default="" xpath="/tradAdvsAcctType"     />
		<Field id="tradAdvsAcctNo"       desc="交易对手账号"                     edittype="text" datatype="string" method="None" readonly="false" size="64"  status="N" default="" xpath="/tradAdvsAcctNo"       />
		<Field id="nonCotrTradType"      desc="非柜台交易方式"  edittype="select" datatype="string" require="false" method="None" readonly="false" 
		       size="2" translated="DATA_DIC.9018" init="false" status="F" default="" xpath="/nonCotrTradType"      />
		<Field id="otNonCortTradType"       desc="其他非柜台交易方式"       edittype="text" datatype="string" method="None" readonly="false" size="64"  status="N" default="" xpath="/otNonCortTradType"       />
		<Field id="nonCotrTradTypeCode"  desc="非柜台交易方式的设备代码"         edittype="text" datatype="string" method="None" readonly="false" size="64"  status="N" default="" xpath="/nonCotrTradTypeCode"  />
		<Field id="bankPayorgBussno"     desc="银行与支付机构之间的业务交易编码" edittype="text" datatype="string" method="None" readonly="false" size="64"  status="N" default="" xpath="/bankPayorgBussno"     />
		<Field id="nationCode"           desc="国家代码"                         edittype="text" datatype="string" method="None" readonly="false" size="2"   status="N" default="" xpath="/nationCode"           />
		<Field id="interCustSort"        desc="国内客户群体成员"                 edittype="text" datatype="string" method="None" readonly="false" size="4"   status="N" default="" xpath="/interCustSort"        />
		<Field id="dealQueue"            desc="处理队列"                         edittype="text" datatype="string" method="None" readonly="false" size="4"   status="N" default="" xpath="/dealQueue"            />
		<Field id="transCharacter"       desc="交易特征"                         edittype="text" datatype="string" method="None" readonly="false" size="10"  status="N" default="" xpath="/transCharacter"       />
		<Field id="orgCode"              desc="交易处理部门"                     edittype="text" datatype="string" method="None" readonly="false" size="30"  status="N" default="" xpath="/orgCode"              />
		<Field id="cnyTradAmt"           desc="原币转人民币金额"                 edittype="text" datatype="currency" method="None" readonly="false" size="20"  status="N" default="" xpath="/cnyTradAmt"           />
		<Field id="usdTradAmt"           desc="原币转美元金额"                   edittype="text" datatype="currency" method="None" readonly="false" size="20"  status="N" default="" xpath="/usdTradAmt"           />
		<Field id="bTradTypeCode"        desc="大额交易特征代码"                 edittype="text" datatype="string" method="None" readonly="false" size="4"   status="N" default="" xpath="/bTradTypeCode"        />
		<Field id="tradInfoRemark1"      desc="交易信息备注1"                    edittype="text" datatype="string" method="None" readonly="false" size="64"  status="N" default="" xpath="/tradInfoRemark1"      />
		<Field id="tradInfoRemark2"      desc="交易信息备注2"                    edittype="text" datatype="string" method="None" readonly="false" size="64"  status="N" default="" xpath="/tradInfoRemark2"      />
		<Field id="tradDirect"           desc="交易去向"                         edittype="text" datatype="string" method="None" readonly="false" size="9"   status="N" default="" xpath="/tradDirect"           />
		<Field id="webAlternateVField1"  desc="审领状态"                         edittype="select" datatype="string"  translated="DATA_DIC.69" method="None" readonly="false" size="20" status="N" default="" xpath="/webAlternateVField1  " />
		<Field id="webAlternateVField2"  desc="审领人"                           edittype="text" datatype="string" method="None" readonly="false" size="20" status="N" default="" xpath="/webAlternateVField2  " />
		<Field id="webAlternateVField9"  desc="审领时间"                         edittype="text" datatype="string" method="None" readonly="false" size="100" status="N" default="" xpath="/webAlternateVField9  " />

		
	    <Field id="custDetailAddr" desc="客户详细地址" edittype="text" datatype="string" method="None" readonly="false" size="4000" status="F"  xpath="/custDetailAddr" />     	
		<Field id="custOthrsContactPatn" desc="客户其他联系方式" edittype="text" datatype="string" method="None" readonly="false" size="1000" status="F"  xpath="/custOthrsContactPatn" />    
		<Field id="custIdTypeDesc"  desc="客户身份证件/证明文件类型进一步说明"                         edittype="text" datatype="string" method="None" readonly="false" size="100" status="N" default="" xpath="/custIdTypeDesc" />
		<Field id="finaOrgName"  desc="金融机构网点名称"                         edittype="text" datatype="string" method="None" readonly="false" size="100" status="N" default="" xpath="/finaOrgName" />
		<Field id="finaOrgAreaCode"  desc="金融机构网点所在地区行政区划代码"                         edittype="text" datatype="string" method="None" readonly="false" size="100" status="N" default="" xpath="/finaOrgAreaCode" />
		<Field id="finaOrgCodeType"  desc="金融机构网点代码类型"                         edittype="text" datatype="string" method="None" readonly="false" size="100" status="N" default="" xpath="/finaOrgCodeType" />
		<Field id="chargeIdTypeDesc"  desc="代办人身份证件类型进一步说明"                         edittype="text" datatype="string" method="None" readonly="false" size="100" status="N" default="" xpath="/chargeIdTypeDesc" />
		<Field id="tradAdvsIdTypeDesc"  desc="交易对手证件类型进一步说明"                         edittype="text" datatype="string" method="None" readonly="false" size="100" status="N" default="" xpath="/tradAdvsIdTypeDesc" />
	
	
	
		<Field id="trcdLar" desc="交易发生地" require="" edittype="select" size="3"  datatype="string"  
	           status="F" translated="CQ:BiNationregionSelect" editable="true" dropdowntype="dynamic" cached="false" viewField="nationregionIdName" method="None" fieldmap="trcdLar=nationregionId;trcdLarName=nationregionIdName"
	           xpath="/trcdLar" />
        <Field id="trcdLarName" desc="交易发生地" status="F" method="com.huateng.ebank.business.common.CQMethod.getNationregionIdName" editable="true"
               readonly="" primary="" type="string" size="150"	cached="false"  xpath="/trcdLar" default="" /> 
	    <Field id="trcdSuffixLar" desc="交易发生地区代码" edittype="select" datatype="string" require="false" method="None" readonly="false" translated="CQ:BiAreacodeSelect" editable="true"
		       dropdowntype="dynamic" viewField="areaName"  fieldmap="trcdSuffixLar=areacode;trcdSuffixLarName=areaName"
		       size="6" status="F" default="" cached="false" xpath="/trcdSuffixLar" />
	    <Field id="trcdSuffixLarName" desc="交易发生地区代码" editable="true" status="F"
               method="com.huateng.ebank.business.common.CQMethod.getAreacodeName"
               readonly="" primary="" type="string" cached="false" size="150"	 xpath="/trcdSuffixLar" default="" />
        
        <Field id="tdrcLar" desc="交易方向国别" require="false" edittype="select" size="3"  datatype="string"  
	           status="F" translated="CQ:BiNationregionSelect" editable="true" dropdowntype="dynamic" cached="false" viewField="nationregionIdName" method="None" fieldmap="tdrcLar=nationregionId;tdrcLarName=nationregionIdName"
	           xpath="/tdrcLar" />
        <Field id="tdrcLarName" desc="交易方向地区" status="F" method="com.huateng.ebank.business.common.CQMethod.getNationregionIdName" editable="true"
               readonly="" primary="" type="string" size="150"	cached="false"  xpath="/tdrcLar" default="" /> 
		<Field id="tdrcSuffixLar" desc="交易方向国别" edittype="select" datatype="string" require="false" method="None" readonly="false" translated="CQ:BiAreacodeSelect" editable="true"
		       dropdowntype="dynamic" viewField="areaName"  fieldmap="tdrcSuffixLar=areacode;tdrcSuffixLarName=areaName"
		       size="6" status="F" default="" cached="false" xpath="/tdrcSuffixLar" />
		<Field id="tdrcSuffixLarName" desc="交易方向区域" editable="true" status="F"
               method="com.huateng.ebank.business.common.CQMethod.getAreacodeName"
               readonly="" primary="" type="string" cached="false" size="150"	 xpath="/tdrcSuffixLar" default="" />
		
		
		<!-- 子窗口审核状态 -->
		<Field id="approveStatusChoose" desc="状态选择" require="false" edittype="select" datatype="string" method="None"
	 	  readonly="false" size="2" translated="LIST:01,01-通过;02,02-不通过;" status="N" default="" xpath="" />
		<!-- 子窗口审核说明 -->
		<Field id="approveResultChoose" desc="说明" require="" edittype="textarea" datatype="string" method="None"
	 	  readonly="false" size="256" status="N" default="" xpath=""/>
	 	<Field id="specialType" desc="生成特殊报文类型" require="false" edittype="select" datatype="string" method="None"
			  readonly="false" size="2" translated="LIST:C,C-修改报文;D,D-删除报文;" status="N" default="" xpath="" />
			  
		<!--人工补正信息段 -->   
	 	<Field id="mirs" desc="人工补正标识" edittype="text" datatype="string" method="None" readonly="true" size="64" status="F"  xpath="/mirs" />
	 	<Field id="tmlm" desc="人工补正完成时限" edittype="text" datatype="string" method="None" readonly="true" size="20" status="F"  xpath="/tmlm" />
	 	<Field id="rqds" desc="人工补正填写要求" edittype="textarea" datatype="string" require="false" method="None" readonly="true" width="300"  size="500" status="F"  xpath="/rqds" />  
	</Fields>
	<Where>
		
	</Where>
	<Operations>
		
		<Button id="btApprove" name="btApprove" desc="审核通过" updateClass="" operation="" 
			url="#" show="" group="" txn="" icon="icon-ok" />
		<Button id="btUNApprove" name="btUNApprove" desc="审核不通过" updateClass="" operation="" 
			url="#" show="" group="" txn="" icon="icon-undo" />
		<Button id="btSubmit" name="btSubmit" operation=""  desc="确认" 
			url="#" show="" group="" txn="" icon="icon-ok" />
		<Button id="btCancel" name="btCancel" desc="取消" updateClass="" operation="" 
			url="#" show="" group="" txn="" icon="icon-ok" />
		<Button id="btBack" name="btBack" desc="返回" operation="" url="#" />
	</Operations>
</CommQry>