<?xml version="1.0" encoding="UTF-8"?>
<!-- 用于直接生成SQL语句，支持同步和异步提交 -->
<!-- title:标题 navigate:导航信息 type:方式（sql|call) interface:是否显示输入条件页面(true|false) 
	databusid:数据总线编号 transdataactionurl:数据整理URL async:异步提交标志 pagesize:页面显示记录数(缺省为10) -->
<CommQry title="大额交易" navigate="反洗钱&gt;  大额交易"
	type="call" 
	interface="true" 
	pagesize="100" 
	async="true" 
	databusid=""
	transdataactionurl="/trans/TransDataAction.do" 
	getterclassname="com.huateng.report.hfaml3.bh.getter.AmlLarTradAllFormThree02Getter">
	<Include id="BankParam" />
	<Fields>
		<!-- status :F-基本信息中显示 N-不显示 D-详细信息中显示 A-基本、详细信息中都显示 -->
		<!-- primary : true-作为表单项记录上传 false-不作为表单项上传 -->
		<Field id="id" desc="记录主键" edittype="text" datatype="string"
			method="None" readonly="false" size="32" status="N" default=""
			primary="true" xpath="/id" />
		<Field id="brNo" desc="机构号" edittype="text" datatype="string"
			method="None" readonly="false" size="20" status="F" default=""
			xpath="/brNo" />
		<Field id="branchNo" desc="所属行" edittype="select"
			require="false" status="N" translated="CQ:branchNoNameGetterSelect"
			fieldmap="branchNoName=name;branchNo=id" method="None"
			viewField="name" primary="true" dropdowntype="dynamic"
			datatype="string" size="100" default="" xpath="/aXibrno" />
		<Field id="branchNoName" desc="所属行" status="F"
			method="com.huateng.ebank.business.common.CQMethod.getbranchNoName"
			readonly="" primary="true" type="String" size="150" xpath="/aXibrno" />
		<Field id="roleName" desc="部门编号" edittype="text"
			datatype="string" require="false" method="None" readonly="false"
			size="60" status="F" default="" xpath="/roleName" />
		<Field id="reportType" desc="大额报文类型" edittype="text"
			datatype="string" method="None" readonly="false" size="100"
			status="F" default="" xpath="/reportType" />
		<Field id="recStatus" desc="记录状态" edittype="text"
			datatype="string" method="None" readonly="false" size="100"
			status="F" default="" xpath="/recStatus" />
		<Field id="sourceType" desc="数据来源" edittype="select"
			datatype="string" method="None" readonly="true" size="2" status="F"
			default="" xpath="/sourceType" translated="DATA_DIC.9200" />
		<Field id="lstUpdTlr" desc="操作员编号" edittype="text"
			datatype="string" method="None" readonly="false" size="20" status="F"
			default="" xpath="/lstUpdTlr" />
		<Field id="tlrName" desc="操作员名称" edittype="text"
			datatype="string" method="None" readonly="false" size="20" status="F"
			default="" xpath="/tlrName" />
		<Field id="lstUpdTm" desc="操作时间" edittype="text"
			datatype="timestamp" method="None" readonly="false" size="14"
			status="F" default="" xpath="/lstUpdTm" />

		<!--大额交易信息 -->
		<Field id="htdt" desc="大额交易发生日期" edittype="text" datatype="date"
			require="false" method="None" readonly="false" size="8" status="F"
			xpath="/htdt" />

		<!--客户信息 -->
		<Field id="ctnm" desc="客户名称/姓名" edittype="text"
			datatype="string" require="false" method="None" readonly="false"
			size="512" status="F" default="" xpath="/ctnm" />
		<Field id="aoitp" desc="交易代办人其他身份证件/证明文件类型" edittype="text"
			datatype="string" require="false" method="None" readonly="false"
			size="32" status="F" default="" xpath="/aoitp" />
		<Field id="ctid" desc="客户身份证件/证明文件号码" edittype="text"
			datatype="string" require="false" method="None" readonly="false"
			size="128" status="F" default="" xpath="/ctid" />
		<Field id="csnm" desc="客户号" edittype="text" datatype="string"
			require="false" method="None" readonly="false" size="32" status="F"
			default="" xpath="/csnm" />
		<Field id="ctnt" desc="客户国籍" require="false" edittype="select"
			size="3" datatype="string" status="N"
			translated="CQ:BiNationregionSelect" editable="true"
			dropdowntype="dynamic" viewField="nationregionIdName" method="None"
			fieldmap="ctnt=nationregionId;ctntName=nationregionIdName"
			xpath="/ctnt" />
		<Field id="ctntName" desc="客户国籍" status="F"
			method="com.huateng.ebank.business.common.CQMethod.getNationregionIdName"
			editable="true" readonly="" primary="" type="string" size="150"
			xpath="/ctnt" default="" />
		<Field id="ctvc" desc="客户职业（对私）或客户行业（对公）" edittype="select"
			require="false" status="F" translated="CQ:ctvcSelect"
			fieldmap="ctvcName=name;ctvc=id" method="None" viewField="name"
			primary="true" dropdowntype="dynamic" cached="false"
			datatype="string" size="8" xpath="/ctvc" />
		<Field id="ctvcName" desc="客户职业（对私）或客户行业（对公）" status="F"
			method="com.huateng.ebank.business.common.CQMethod.getctvcName"
			primary="true" type="String" size="150" xpath="/ctvc" codetype="CTVC" />
		<Field id="ctar" desc="客户详细地址" edittype="text" datatype="string"
			method="None" readonly="false" size="4000" status="F" default=""
			xpath="/ctar" />
		<Field id="rlfc" desc="金融机构与客户的关系" edittype="select"
			datatype="string" require="false" method="None" readonly="false"
			size="2" translated="DATA_DIC.9016" status="N" default=""
			xpath="/rlfc" />

		<!-- 3号令字段 -->
		<Field id="catp" desc="客户账户类型" require="false" edittype="select"
			datatype="string" method="None" readonly="false" size="6" status="F"
			default="" xpath="/catp" translated="DATA_DIC.3004" />
		<Field id="cbcn" desc="客户银行卡号码" edittype="text"
			datatype="string" method="None" readonly="false" size="64" status="F"
			default="" xpath="/cbcn" />
		<Field id="cbct" desc="客户银行卡类型" require="false"
			edittype="select" translated="DATA_DIC.9015" readonly="" primary=""
			size="2" datatype="string" xpath="/cbct" />
		<Field id="ccei" desc="客户其他联系方式" edittype="text"
			datatype="string" method="None" readonly="false" size="4000"
			status="F" default="" xpath="/ccei" />
		<Field id="cctl" desc="客户联系电话" edittype="text" datatype="string"
			method="None" readonly="false" size="800" status="F" default=""
			xpath="/cctl" />
		<Field id="cfct" desc="对方金融机构代码网点类型" edittype="select"
			datatype="string" require="false" method="None" readonly="false"
			size="2" translated="DATA_DIC.9300" status="F" default=""
			xpath="/cfct" />
		<Field id="cfic" desc="对方金融机构网点代码" edittype="text"
			datatype="string" require="false" method="None" readonly="false"
			size="16" status="F" default="" xpath="/cfic" />
		<Field id="cfin" desc="对方金融机构网点名称" edittype="text"
			datatype="string" require="false" method="None" readonly="false"
			size="64" status="F" default="" xpath="/cfin" />
		<Field id="cfrc" desc="对方金融机构网点行政区划代码" edittype="text"
			datatype="string" require="false" method="None" readonly="false"
			size="9" status="F" default="" xpath="/cfrc" />
		<Field id="citp" desc="客户身份证件/证明文件类型" edittype="select"
			init="false" datatype="string" require="false" method="None"
			readonly="false" size="100" translated="DATA_DIC.158" status="F"
			xpath="/citp" />
		<Field id="crat" desc="交易金额" edittype="text" datatype="currency"
			require="false" method="None" readonly="false" size="20" status="F"
			scale="3" default="" xpath="/crat" />
		<Field id="crcd" desc="大额交易特征代码" edittype="text"
			datatype="string" method="None" readonly="false" size="32" status="F"
			default="" xpath="/crcd" />
		<Field id="finc" desc="金融机构网点代码" edittype="text"
			datatype="string" require="false" method="None" readonly="false"
			size="16" status="F" default="" xpath="/finc" />
		<Field id="ctac" desc="客户账号" edittype="text" datatype="string"
			require="false" method="None" readonly="false" size="64" status="F"
			default="" xpath="/ctac" />
		<Field id="oatm" desc="客户账户开户时间" edittype="text"
			datatype="timestamp" method="None" readonly="false" size="14"
			status="F" default="" xpath="/oatm" />
		<Field id="ocbt" desc="客户银行卡其他类型" edittype="text"
			datatype="string" method="None" readonly="false" size="32" status="F"
			default="" xpath="/ocbt" />

		<!--代办人信息 -->
		<Field id="tbnm" desc="交易代办人姓名" edittype="text"
			datatype="string" require="false" method="None" readonly="false"
			size="128" status="F" default="" xpath="/tbnm" />
		<Field id="tbit" desc="代办人身份证件/证明文件类型" edittype="select"
			datatype="string" method="None" readonly="false" size="100"
			status="F" translated="DATA_DIC.158" default="" xpath="/tbit" />
		<Field id="tbid" desc="代办人身份证件/证明文件号码" edittype="text"
			datatype="string" require="false" method="None" readonly="false"
			size="128" status="F" default="" xpath="/tbid" />
		<Field id="boitp" desc="代办人证件类型进一步说明" edittype="text"
			datatype="string" require="false" method="None" readonly="false"
			size="32" status="F" default="" xpath="/boitp" />
		<Field id="tbnt" desc="代办人国籍" require="false" edittype="select"
			size="3" datatype="string" status="N"
			translated="CQ:BiNationregionSelect" editable="true"
			dropdowntype="dynamic" viewField="nationregionIdName" method="None"
			fieldmap="tbnt=nationregionId;tbntName=nationregionIdName"
			xpath="/tbnt" />
		<Field id="tbntName" desc="代办人国籍" status="F"
			method="com.huateng.ebank.business.common.CQMethod.getNationregionIdName"
			editable="true" readonly="" primary="" type="string" size="150"
			xpath="/tbnt" default="" />

		<!--交易信息 -->
		<Field id="tstm" desc="交易时间" edittype="text"
			datatype="timestamp" method="None" readonly="false" size="14"
			status="F" default="" xpath="/tstm" />
		<Field id="trcd" desc="交易发生地" edittype="text" datatype="string"
			method="None" readonly="false" size="9" status="F" default=""
			xpath="/trcd" />
		<Field id="tdrc" desc="交易方向" edittype="text" datatype="string"
			method="None" readonly="false" size="9" status="F" default=""
			xpath="/tdrc" />
		<Field id="ticd" desc="业务标识号" edittype="text" datatype="string"
			require="false" method="None" readonly="false" size="256" status="F"
			default="" xpath="/ticd" />
		<Field id="rpmt" desc="收付款方匹配号类型" edittype="select"
			datatype="string" require="false" method="None" readonly="false"
			size="2" translated="DATA_DIC.9017" init="false" status="F"
			default="" xpath="/rpmt" />
		<Field id="rpmn" desc="收付款方匹配号" datatype="string"
			require="false" method="None" readonly="false" size="500" status="F"
			default="" xpath="/rpmn" />
		<Field id="tstp" desc="交易方式" edittype="select" require="false"
			status="N" translated="CQ:BiTreeDataDicSelect"
			fieldmap="tstpName=name;tstp=id" method="None" viewField="name"
			primary="true" dropdowntype="dynamic" datatype="string" size="8"
			default="" xpath="/tstp" />
		<Field id="tstpName" desc="交易方式" status="F"
			method="com.huateng.ebank.business.common.CQMethod.getBiTreeDataDicName"
			readonly="" primary="true" type="String" size="150" xpath="/tstp"
			default="" codetype="TSTP" />
		<Field id="octt" desc="非柜台交易方式" edittype="select"
			datatype="string" require="false" method="None" readonly="false"
			size="2" translated="DATA_DIC.9018" init="false" status="F"
			default="" xpath="/octt" />
		<Field id="ooct" desc="其他非柜台交易方式" edittype="text"
			datatype="string" require="false" method="None" readonly="false"
			size="32" status="F" default="" xpath="/ooct" />
		<Field id="ocec" desc="非柜台交易方式的设备代码" edittype="text"
			datatype="string" require="false" method="None" readonly="false"
			size="500" status="F" default="" xpath="/ocec" />
		<Field id="bptc" desc="银行与支付机构之间的业务交易编码" edittype="text"
			datatype="string" require="false" method="None" readonly="false"
			size="500" status="F" default="" xpath="/bptc" />
		<Field id="tsct" desc="涉外收支交易分类与代码" require="false" status="N"
			translated="CQ:MtsInOutCodeTreeSelect"
			fieldmap="tsctName=name;tsct=id" method="None" viewField="name"
			primary="true" dropdowntype="dynamic" edittype="select"
			datatype="string" size="16" default="" xpath="/tsct" />
		<Field id="tsctName" desc="涉外收支交易分类与代码" status="F"
			method="com.huateng.ebank.business.common.CQMethod.gettsctName"
			width="" readonly="" primary="true" type="String" size="150"
			xpath="/tsct" default="" codetype="AML" />
		<Field id="tsdr" desc="资金收付标志" edittype="text" datatype="string"
			method="None" readonly="false" size="100" status="F" default=""
			xpath="/tsdr" />
		<Field id="crpp" desc="资金用途" edittype="text" datatype="string"
			require="false" method="None" readonly="false" size="256" status="F"
			default="" xpath="/crpp" />
		<Field id="crtp" desc="交易币种" editable="true" require="false"
			edittype="select" translated="CQ:CurrencySelect"
			dropdowntype="dynamic" method="None" viewField="currencyNoName"
			status="N" fieldmap="crtp=currencyNo;crtpName=currencyNoName"
			size="3" default="" xpath="/crtp" tip="币种" />
		<Field id="crtpName" desc="交易币种" editable="true" status="F"
			require=""
			method="com.huateng.ebank.business.common.CQMethod.getCurNameByCurNo"
			width="" readonly="" primary="true" type="String" size="150"
			xpath="/crtp" default="" />
		<Field id="tcnm" desc="交易对手姓名/名称" edittype="text"
			datatype="string" require="false" method="None" readonly="false"
			size="128" status="F" default="" xpath="/tcnm" />
		<Field id="tcit" desc="交易对手身份证件/证明文件类型" edittype="select"
			datatype="string" method="None" readonly="false" size="100"
			status="F" translated="DATA_DIC.158" default="" xpath="/tcit" />
		<Field id="tcid" desc="交易对手身份证件/证明文件号码" edittype="text"
			datatype="string" require="false" method="None" readonly="false"
			size="128" status="F" default="" xpath="/tcid" />
		<Field id="coitp" desc="交易对手证件类型进一步说明" edittype="text"
			datatype="string" require="false" method="None" readonly="false"
			size="32" status="F" default="" xpath="/coitp" />
		<Field id="tcat" desc="交易对手账户类型" require="false"
			edittype="select" datatype="string" method="None" readonly="false"
			size="6" status="F" default="" xpath="/tcat"
			translated="DATA_DIC.3004" />
		<Field id="tcac" desc="交易对手账号" edittype="text" datatype="string"
			require="false" method="None" readonly="false" size="64" status="F"
			default="" xpath="/tcac" />
		<Field id="rotf1" desc="交易信息备注1" edittype="text"
			datatype="string" require="false" method="None" readonly="false"
			size="64" status="F" default="" xpath="/rotf1" />
		<Field id="rotf2" desc="交易信息备注2" edittype="text"
			datatype="string" require="false" method="None" readonly="false"
			size="64" status="F" default="" xpath="/rotf2" />
		<Field id="isFix" desc="人工修复" edittype="text" datatype="string"
			require="false" method="None" readonly="false" size="3" status="F"
			default="" xpath="isFix" />
		<!-- 主键信息 pkinfo add by ywc 20171212 -->
		<Field id="pkinfo" desc="主键信息" edittype="text" datatype="string"
			require="true" method="None" readonly="false" width="500" size="64"
			status="F" default="" xpath="/pkinfo" />          
		         
		 <!-- 原客户号 -->
		<Field id="csnmold" desc="原客户号" edittype="text" datatype="string" require="false" method="None" readonly="false" size="32" status="F"  xpath="/csnmold" />
	</Fields>
	<Where>
		<DateTextBox id="qlstUpdTmStart" desc="起始操作日期" edittype="text" datatype="date" require="true" size="32" index="0" />
		<DateTextBox id="qlstUpdTmEnd" desc="截止操作日期" edittype="text" datatype="date" require="true" size="32" index="1" />
		
		<Option id="branchNo" operation="EQ" size="" desc="所属行"  edittype="select"  translated="CQ:branchNoNameGetterSelect"
			fieldmap="branchNoName=name;branchNo=id" viewField="name" dropdowntype="dynamic" init="true" require="false" readOnly="" index="2" />
			
		<Option id="department" operation="EQ" size="" desc="部门"  edittype="select"  translated="CQ:roleNameGetterSelect2"
			fieldmap="departmentName=name;department=id" viewField="name" dropdowntype="dynamic" init="true" require="false" readOnly="" index="3" />
			
		<Option id="qrecStatus" desc="记录状态" edittype="select" status="F" translated="DATA_DIC.62" datatype="string" size="2" index="4" />
		<Option id="qreportType" desc="报文类型" edittype="select" status="F" translated="DATA_DIC.151" datatype="string" size="2" index="5" />
		<TextBox id="qlstUpdTlr" desc="操作员编号" edittype="text" status="F" datatype="string" size="64" index="6" />
		<TextBox id="qtlrName" desc="操作员名称" edittype="text" status="F" datatype="string" size="32" index="7" />
		
		
			
	</Where>
	<Operations>
		<Button id="btDownload" name="btDownload" desc="导出" updateClass="" operation="" url="#" show="" group="" txn="" icon="icon-export-xls" />
	</Operations>
</CommQry>