<?xml version="1.0" encoding="UTF-8"?>
<!-- 用于直接生成SQL语句，支持同步和异步提交 -->
<!-- title:标题 navigate:导航信息 type:方式（sql|call) interface:是否显示输入条件页面(true|false) 
	databusid:数据总线编号 transdataactionurl:数据整理URL async:异步提交标志 pagesize:页面显示记录数(缺省为10) -->
<CommQry title="可疑数据补录" navigate="可疑数据补录&gt;可疑数据补录" type="call"
	interface="true" pagesize="100" async="true" databusid=""
	transdataactionurl="/trans/TransDataAction.do"
	getterclassname="com.huateng.report.hfaml3.bs.getter.AmlBsReportQueryGetter">
	<Include id="BankParam" />
	<Fields>
		<!-- Common Field start -->
		<Field id="id" desc="记录主键" require="false" edittype="text" datatype="string" method="None" readonly="false" size="32" status="N"  primary="true" xpath="/id" />
		<Field id="reportId" desc="可疑案件编号" edittype="text" datatype="string" require="false" method="None" readonly="false" size="64" status="F"  xpath="/reportId"/>
		<Field id="workDate" desc="工作日期" edittype="text" datatype="string" method="None" readonly="true" require="false" size="8" status="F"  xpath="/workDate" />
		<Field id="aacgrp" desc="业务条线" edittype="text" datatype="string" require="false" method="None" readonly="false" size="64" status="F"  xpath="/aacgrp"/>
		<Field id="axibr2m" desc="所属分行" edittype="text" datatype="string" require="false" method="None" readonly="false" size="10" status="F"  xpath="/axibr2m"/>
		<Field id="isSubSuccess" desc="是否已成功上报" edittype="select" datatype="string" method="None" readonly="false" size="1" status="F"  xpath="/isSubSuccess" translated="DATA_DIC.65"/>
		<Field id="recStatus" desc="记录状态" edittype="select" datatype="string" method="None" readonly="false" size="2" status="F"  xpath="/recStatus" translated="DATA_DIC.9087" tip="记录状态"/>
		<Field id="rpnm" desc="填报人" require="false" edittype="text" datatype="string" method="None" readonly="false" size="32" status="F" xpath="/rpnm" /> 
		<Field id="lstUpdTlr" desc="最后更新人" edittype="text" datatype="string" method="None" readonly="false" size="20" status="F"  xpath="/lstUpdTlr" tip="最后更新人"/>
		<Field id="checkStatus" desc="抽样调查状态" edittype="textarea" datatype="string" method="None" readonly="false" size="256" status="F"  xpath="/checkStatus" tip="抽样调查状态"/>
		<Field id="checkCustomer" desc="抽样调查员 " edittype="textarea" datatype="string" method="None" readonly="false" size="256" status="F"  xpath="/checkCustomer" tip="抽样调查员 "/>
		<Field id="checkTm" desc="抽样调查时间" edittype="text" datatype="date" method="None" readonly="false" size="14" status="F"  xpath="/checkTm" tip="抽样调查时间"/>
		<Field id="ricd" desc="报告机构编码" edittype="text" datatype="string" require="false" method="None" readonly="true"  size="16" status="F"  xpath="/ricd" /> 
		<Field id="rpnc" desc="上报网点代码" edittype="text" datatype="string" require="false" method="None" readonly="false"  size="16" status="F"  xpath="/rpnc" />  
		<Field id="detr" desc="可疑交易报告紧急程度" require="false" edittype="select" datatype="string" method="None" readonly="false" size="2" status="F" translated="DATA_DIC.9100"  xpath="/detr" />     
		<Field id="torp" desc="报送次数标志" edittype="text" datatype="string" require="false" method="None" readonly="true" size="5" status="F"  xpath="/torp" />     
		<Field id="orxn" desc="初次报送的可疑交易报告报文名称" edittype="text" datatype="string" require="false" method="None" readonly="true" width="500" size="64" status="F" default="" xpath="/orxn" />  
		<Field id="dorp" desc="报送方向" require="false" edittype="select" datatype="string" method="None" readonly="false" size="2" status="F" translated="DATA_DIC.9000"  xpath="/dorp" /> 
		<Field id="odrp" desc="其他报送方向" edittype="text" datatype="string" require="false" method="None" readonly="false"  size="64" status="F"  xpath="/odrp" />   
		<Field id="tptr" desc="可疑交易报告触发点" require="false" edittype="select" datatype="string" method="None" readonly="false" size="2" status="F" translated="DATA_DIC.9101"  xpath="/tptr" />       
		<Field id="otpr" desc="其他可疑交易报告触发点" edittype="text" datatype="string" require="false" method="None" readonly="false" size="2000" status="F"  xpath="/otpr" /> 
		<Field id="stcb" desc="资金交易及客户行为情况" edittype="text" datatype="string" require="false" method="None" readonly="false"  size="4000" status="F"  xpath="/stcb" />
		<Field id="aosp" desc="疑点分析" edittype="text" datatype="string" require="false" method="None" readonly="false"  size="4000" status="F"  xpath="/aosp" />
		<Field id="stcr" desc="可疑特征" require="false" edittype="text" datatype="string" method="None" readonly="false" size="32" status="F" xpath="/stcr" />
		<Field id="tosc" desc="疑似涉罪类型" require="false" edittype="text" datatype="string" method="None" readonly="false" size="32" status="F" xpath="/tosc" />   
		
		<!-- 客户基本信息 -->    
		<Field id="senm" desc="客户名称/姓名" edittype="text" datatype="string" require="false" method="None" readonly="false"  size="512" status="F"  xpath="/senm"/>         
		<Field id="setp" desc="客户身份证件/证明文件类型" edittype="select" init="false" datatype="string" require="false" method="None" readonly="false" size="6" translated="DATA_DIC.158" status="F"  xpath="/setp" />       
		<Field id="oitp" desc="可疑主体客户其他身份证件/证明文件类型" edittype="text" datatype="string" require="false" method="None" readonly="false" size="128" status="F"  xpath="/oitp"/>   
		<Field id="seid" desc="客户身份证件/证明文件号码" edittype="text" datatype="string" require="false" method="None" readonly="false" size="128" status="F"  xpath="/seid" />
		<Field id="csnm" desc="客户号" edittype="text" datatype="string" require="false" method="None" readonly="false" size="32" status="F"  xpath="/csnm" />
		<Field id="sctl" desc="客户联系电话" edittype="text" datatype="string" method="None" readonly="false" size="800" status="F"  xpath="/sctl" />
		<Field id="sear" desc="客户住址" edittype="text" datatype="string" method="None" readonly="false" size="4000" status="F"  xpath="/sear" />
		<Field id="seei" desc="客户其他联系方式" require="false" edittype="text" datatype="string" method="None" readonly="false" size="4000" status="F"  xpath="/seei" />
		<Field id="stnt" desc="客户国籍" require="false" edittype="select" size="3"  datatype="string" status="F" translated="CQ:BiNationregionSelect" editable="true" dropdowntype="dynamic" viewField="nationregionIdName" method="None" fieldmap="stnt=nationregionId;stntName=nationregionIdName" xpath="/stnt" />    
		<Field id="stntName" desc="客户国籍" status="F" method="com.huateng.ebank.business.common.CQMethod.getNationregionIdName" editable="true" readonly="" primary="" type="string" size="150"	 xpath="/stnt"  />
		<Field id="sevc" desc="可疑主体职业（对私）或行业（对公）" edittype="select"  require="false" status="F" translated="CQ:ctvcSelect" fieldmap="ctvcName=name;ctvc=id" method="None" viewField="name" primary="true" dropdowntype="dynamic"  cached="false" datatype="string" size="32"  xpath="/sevc" />
		<Field id="sevcName" desc="可疑主体职业（对私）或行业（对公）" status="F" method="com.huateng.ebank.business.common.CQMethod.getctvcName" primary="true" type="String" size="150"	 xpath="/sevc"  codetype="CTVC"/> 
		<Field id="srnm" desc="对公客户法定代表人姓名" require="false" edittype="text" datatype="string" method="None" readonly="false" size="512" status="F"  xpath="/srnm" />
		<Field id="srit" desc="对公客户法定代表人身份证件类型" require="false" edittype="select" translated="DATA_DIC.158" datatype="string" method="None" readonly="false" size="32" status="F"  xpath="/srit" />
		<Field id="orit" desc="可疑主体法定代表人其他身份证件/证明文件类型" edittype="text" datatype="string" require="false" method="None" readonly="false" size="128" status="F"  xpath="/orit"/>  
		<Field id="srid" desc="对公客户法定代表人身份证件号码" require="false" edittype="text" datatype="string" method="None" readonly="false" size="128" status="F"  xpath="/srid" />
		<Field id="scnm" desc="可疑主体控股股东或实际控制人名称" require="false" edittype="text" datatype="string" method="None" readonly="false" size="512" status="F" xpath="/scnm" />
		<Field id="scit" desc="可疑主体控股股东或实际控制人身份证件/证明文件类型" require="false" edittype="select" translated="DATA_DIC.158" datatype="string" method="None" readonly="false" size="6" status="F"  xpath="/scit" />
		<Field id="ocit" desc="可疑主体控股股东或实际控制人其他身份证件/证明文件类型" edittype="text" datatype="string" require="false" method="None" readonly="false" size="128" status="F"  xpath="/ocit"/>  
		<Field id="scid" desc="可疑主体控股股东或实际控制人身份证件/证明文件号码" require="false" edittype="text" datatype="string" method="None" readonly="false" size="128" status="F" xpath="/scid" />
		
		<!-- 可疑交易信息 （去除了客户基本信息字段）-->    
		<Field id="finc" desc="金融机构网点代码" edittype="text" datatype="string" require="false" method="None" readonly="false" size="16" status="F"  xpath="/finc" />      
		<Field id="rlfc" desc="金融机构与客户的关系" edittype="select" datatype="string" require="false" method="None" readonly="false" size="2" translated="DATA_DIC.9016" status="N"  xpath="/rlfc" />       
		<Field id="catp" desc="客户账户类型" require="false" edittype="select" datatype="string" method="None" readonly="false" size="6" status="F"  xpath="/catp" translated="DATA_DIC.3004" />      
		<Field id="ctac" desc="客户账号" edittype="text" datatype="string" require="false" method="None" readonly="false" size="64" status="F"  xpath="/ctac"/>      
		<Field id="oatm" desc="客户账户开户时间" edittype="timestamp" datatype="string" method="None" readonly="false" size="14" status="F"  xpath="/oatm" />     
		<Field id="catm" desc="客户账户销户户时间" edittype="timestamp" datatype="string" method="None" readonly="false" size="14" status="F"  xpath="/catm" />   
		<Field id="cbct" desc="客户银行卡类型"  require="false" edittype="select" translated="DATA_DIC.9015" readonly=""  size="2" datatype="string" xpath="/cbct" />
		<Field id="ocbt" desc="客户银行卡其他类型" edittype="text" datatype="string" method="None" readonly="false" size="128" status="F"  xpath="/ocbt" />     
		<Field id="cbcn" desc="客户银行卡号码" edittype="text" datatype="string" method="None" readonly="false" size="64" status="F"  xpath="/cbcn" />        
		<Field id="tbnm" desc="交易代办人姓名" edittype="text" datatype="string" require="false" method="None" readonly="false" size="128" status="F"   xpath="/tbnm" />
		<Field id="tbit" desc="代办人身份证件/证明文件类型" edittype="select" datatype="string" require="false" method="None" readonly="false" size="6" translated="DATA_DIC.158" init="false" status="F"  xpath="/tbit" />   
		<Field id="boitp" desc="代办人其他身份证件/证明文件类型" edittype="text" datatype="string" require="false" method="None" readonly="false" size="128" status="F"  xpath="/boitp" />
		<Field id="tbid" desc="代办人身份证件/证明文件号码" edittype="text" datatype="string" require="false" method="None" readonly="false" size="128" status="F"  xpath="/tbid" />    
		<Field id="tbnt" desc="代办人国籍" require="false" edittype="select" size="3"  datatype="string" status="F" translated="CQ:BiNationregionSelect" editable="true" dropdowntype="dynamic" viewField="nationregionIdName" method="None" fieldmap="tbnt=nationregionId;tbntName=nationregionIdName" xpath="/tbnt" />
		<Field id="tbntName" desc="代办人国籍" status="F" method="com.huateng.ebank.business.common.CQMethod.getNationregionIdName" editable="true" readonly=""  type="string" size="150"	 xpath="/tbnt"  />  
		<Field id="tstm" desc="交易时间" edittype="text" datatype="timestamp" method="None" readonly="false" size="14" status="F"  xpath="/tstm"/> 
		<Field id="trcd" desc="交易发生地" require="" edittype="select" size="3"  datatype="string" status="F" translated="CQ:BiNationregionSelect" editable="true" dropdowntype="dynamic" cached="false" viewField="nationregionIdName" method="None" fieldmap="trcd=nationregionId;trcdName=nationregionIdName" xpath="/trcd" />
		<Field id="trcdName" desc="交易发生地" status="F" method="com.huateng.ebank.business.common.CQMethod.getNationregionIdName" editable="true" readonly=""  type="string" size="150"	cached="false"  xpath="/trcd"  /> 
		<Field id="trcdSuffix" desc="交易发生地区代码" edittype="select" datatype="string" require="false" method="None" readonly="false" translated="CQ:BiAreacodeSelect" editable="true" dropdowntype="dynamic" viewField="areaName"  fieldmap="trcdSuffix=areacode;trcdSuffixName=areaName" size="6" status="F"  cached="false" xpath="/trcdSuffix" />
		<Field id="trcdSuffixName" desc="交易发生地区代码" editable="true" status="F" method="com.huateng.ebank.business.common.CQMethod.getAreacodeName" readonly=""  type="string" cached="false" size="150"	 xpath="/trcdSuffix"  /> 
		<Field id="ticd" desc="业务标识号" edittype="text" datatype="string" require="false" method="None" readonly="false" size="64" status="F"  xpath="/ticd" />
		<Field id="rpmt" desc="收付款方匹配号类型" edittype="select" datatype="string" require="false" method="None" readonly="false" size="2" translated="DATA_DIC.9017" init="false" status="F"  xpath="/rpmt" />   
		<Field id="rpmn" desc="收付款方匹配号" datatype="string" require="false" method="None" readonly="false" size="500" status="F"  xpath="/rpmn" />
		<Field id="tstp" desc="交易方式" edittype="select"  require="false" status="F" translated="CQ:BiTreeDataDicSelect" fieldmap="tstpName=name;tstp=id"  method="None" viewField="name" primary="true" dropdowntype="dynamic"   datatype="string" size="8"  xpath="/tstp" />
		<Field id="tstpName" desc="交易方式" status="F" method="com.huateng.ebank.business.common.CQMethod.getBiTreeDataDicName" readonly="" primary="true" type="String" size="150"	 xpath="/tstp"  codetype="TSTP"/>      
		<Field id="octt" desc="非柜台交易方式" edittype="select" datatype="string" require="false" method="None" readonly="false" size="2" translated="DATA_DIC.9018" init="false" status="F"  xpath="/octt" />    
		<Field id="ooct" desc="其他非柜台交易方式" edittype="text" datatype="string" require="false" method="None" readonly="false" size="64" status="F"  xpath="/ooct" />     
		<Field id="ocec" desc="非柜台交易方式的设备代码" edittype="text" datatype="string" require="false" method="None" readonly="false" size="500" status="F"  xpath="/ocec" />  
		<Field id="bptc" desc="银行与支付机构之间的业务交易编码" edittype="text" datatype="string" require="false" method="None" readonly="false" size="500" status="F"  xpath="/bptc" />  
		<Field id="tsct" desc="涉外收支交易分类与代码" require="false" status="F" translated="CQ:MtsInOutCodeTreeSelect" fieldmap="tsctName=name;tsct=id" method="None" viewField="name" primary="true" dropdowntype="dynamic" edittype="select" datatype="string" size="16"  xpath="/tsct" />
		<Field id="tsctName" desc="涉外收支交易分类与代码" status="F" method="com.huateng.ebank.business.common.CQMethod.gettsctName" width="" readonly="" primary="true" type="String" size="150" xpath="/tsct"  codetype="AML"/>          
		<Field id="tsdr" desc="资金收付标识" require="false" edittype="select" datatype="string" method="None" readonly="false" size="2" status="F"  xpath="/tsdr" translated="DATA_DIC.164" />       
		<Field id="crsp" desc="资金来源和用途" require="false" edittype="text" datatype="string" method="None" readonly="false" size="256" status="F" xpath="/crsp" />
		<Field id="crtp" desc="币种" editable="true" require="false" edittype="select" translated="CQ:CurrencySelect" dropdowntype="dynamic" method="None" viewField="currencyNoName" status="F" fieldmap="crtp=currencyNo;crtpName=currencyNoName" size="3"  xpath="/crtp" tip="币种"/>
		<Field id="crtpName" desc="币种" editable="true" status="F" require="" method="com.huateng.ebank.business.common.CQMethod.getCurNameByCurNo" width="" readonly="" primary="true" type="String" size="150" xpath="/crtp" />
		<Field id="crat" desc="交易金额" edittype="text" datatype="currency" require="false" method="None" readonly="false" size="20" status="F"  scale="2"  xpath="/crat" />      
		<Field id="cfin" desc="对方金融机构网点名称" edittype="text" datatype="string" require="false" method="None" readonly="false" size="128" status="F"  xpath="/cfin"/>
		<Field id="cfct" desc="对方金融机构代码类型" edittype="select" datatype="string" require="false" method="None" readonly="false" size="2"  translated="DATA_DIC.9300" status="F"  xpath="/cfct" />
		<Field id="cfic" desc="对方金融机构网点代码" edittype="text" datatype="string" require="false" method="None" readonly="false" size="16" status="F"  xpath="/cfic" />        
		<Field id="cfrc" desc="对方金融机构网点地区" require="" edittype="select" size="3"  datatype="string"  status="F" translated="CQ:BiNationregionSelect" editable="true" dropdowntype="dynamic" cached="false" viewField="nationregionIdName" method="None" fieldmap="cfrc=nationregionId;cfrcName=nationregionIdName" xpath="/cfrc" />
		<Field id="cfrcName" desc="对方金融机构网点地区" status="F" method="com.huateng.ebank.business.common.CQMethod.getNationregionIdName" editable="true" readonly=""  type="string" size="150"	cached="false"  xpath="/cfrc"  /> 
		<Field id="cfrcSuffix" desc="对方金融机构网点地区行政区划代码" edittype="select" datatype="string" require="false" method="None" readonly="false" translated="CQ:BiAreacodeSelect" editable="true" dropdowntype="dynamic" viewField="areaName"  fieldmap="cfrcSuffix=areacode;cfrcSuffixName=areaName" size="6" status="F"  cached="false" xpath="/cfrcSuffix" />
		<Field id="cfrcSuffixName" desc="对方金融机构网点地区行政区划代码" editable="true" status="F" method="com.huateng.ebank.business.common.CQMethod.getAreacodeName" readonly=""  type="string" cached="false" size="150"	 xpath="/cfrcSuffix"  />      
		<Field id="tcnm" desc="交易对手姓名" edittype="text" datatype="string" require="false" method="None" readonly="false"  size="128" status="F"  xpath="/tcnm" />
		<Field id="tcit" desc="交易对手证件类型" edittype="select" datatype="string" require="false" method="None" readonly="false" size="6" translated="DATA_DIC.158" init="false" status="N"  xpath="/tcit" /> 
		<Field id="coitp" desc="交易对手其他身份证件/证明文件类型" edittype="text" datatype="string" require="false" method="None" readonly="false" size="128" status="F"  xpath="/coitp" />
		<Field id="tcid" desc="交易对手证件号码" edittype="text" datatype="string" require="false" method="None" readonly="false" size="128" status="F"  xpath="/tcid" /> 
		<Field id="tcat" desc="交易对手账户类型" require="false" edittype="select" datatype="string" method="None" readonly="false" size="6" status="F"  xpath="/tcat" translated="DATA_DIC.3004" /> 
		<Field id="tcac" desc="交易对手账号" edittype="text" datatype="string" require="false" method="None" readonly="false" size="64" status="F"  xpath="/tcac" />
		<Field id="rotf1" desc="交易信息备注1" edittype="text" datatype="string" require="false" method="None" readonly="false" size="64" status="F"  xpath="/rotf1" />
		<Field id="rotf2" desc="交易信息备注2" edittype="text" datatype="string" require="false" method="None" readonly="false" size="64" status="F"  xpath="/rotf2" />
		
		<!-- 20190402 3号令可疑交易报告新增字段 -->
		<Field id="reportType" desc="报文类型" edittype="text" datatype="string" require="false" method="None" readonly="false" size="64" status="F"  xpath="/reportType"/>
		<Field id="bsrq" desc="报送日期" edittype="text" datatype="string" require="false" method="None" readonly="false" size="12" status="F"  xpath="/bsrq"/>
		<Field id="dbrq" desc="打包日期" edittype="text" datatype="string" require="false" method="None" readonly="false" size="64" status="F"  xpath="/dbrq"/>
		<Field id="orxn" desc="初次报送的可疑交易报告报文名称" edittype="text" datatype="string" require="false" method="None" readonly="false" size="64" status="F"  xpath="/orxn"/>
		<Field id="mirs" desc="人工补正标识" edittype="text" datatype="string" require="false" method="None" readonly="false" size="64" status="F"  xpath="/mirs"/>
		<Field id="tcsnm" desc="客户号" edittype="text" datatype="string" require="false" method="None" readonly="false" size="32" status="F"  xpath="/tcsnm"/>
		<Field id="tctnm" desc="客户姓名/名称" edittype="text" datatype="string" require="false" method="None" readonly="false" size="512" status="F"  xpath="/tctnm"/>
		<Field id="tcitp" desc="客户身份证件/证明文件类型" edittype="text" datatype="string" require="false" method="None" readonly="false" size="6" status="F"  xpath="/tcitp"/>
		<Field id="taoitp" desc="客户其他身份证件/证明文件类型" edittype="text" datatype="string" require="false" method="None" readonly="false" size="128" status="F"  xpath="/taoitp"/>
		<Field id="tctid" desc="客户身份证件/证明文件号码" edittype="text" datatype="string" require="false" method="None" readonly="false" size="128" status="F"  xpath="/tctid"/>
		<Field id="ttcnm" desc="交易对手姓名/名称" edittype="text" datatype="string" require="false" method="None" readonly="false" size="128" status="F"  xpath="/ttcnm"/>
		<Field id="ttcit" desc="交易对手身份证件/证明文件类型" edittype="text" datatype="string" require="false" method="None" readonly="false" size="6" status="F"  xpath="/ttcit"/>
		<!-- 20190402 3号令可疑交易报告是否去重 -->
		<Field id="fileName" desc="文件名" edittype="text" datatype="string" require="false" method="None" readonly="false" size="64" status="F"  xpath="/fileName"/>
		<!-- 20190926 add -->
		<Field id="localAcctType" desc="本地账户类型" edittype="text" datatype="string" require="false" method="None" readonly="false" size="20" status="F" xpath="/localAcctType" />
	</Fields>

	<Where>
		<DateTextBox id="qtradTimeStart" desc="起始报告日期" edittype="text" datatype="date" size="32" require="true" index="0" />
		<DateTextBox id="qtradTimeEnd" desc="截止报告日期" edittype="text" datatype="date" size="32" require="true" index="1" />
		<Option id="recStatus" desc="记录状态" edittype="select" status="F" translated="DATA_DIC.9087" datatype="string" size="2" index="3" />
		<Option id="isSubSuccess" desc="是否已成功上报" edittype="select" status="F" translated="DATA_DIC.65" datatype="string" size="2" index="4" />
		<TextBox id="reportId" desc="可疑案件编号" edittype="text" status="F" datatype="string" size="64" index="5" />
		<Option id="flag" desc="是否只获取最新的记录" method="None" translated="LIST:0,0-否;1,1-是;" index="6" />
	</Where>
	<Operations>
		<Button id="btConfirm" name="btChoose_Cust" desc="确认勾选" updateClass="" operation="" url="#" show="" group="" txn="" icon="icon-ok" />
		<Button id="btDownload" name="btDownload" desc="导出" updateClass="" operation="" url="#" show="" group="" txn="" icon="icon-export-xls" />
	</Operations>
</CommQry>
