<?xml version="1.0" encoding="UTF-8"?>
<!-- 用于直接生成SQL语句，支持同步和异步提交 -->
<!-- title:标题 navigate:导航信息 type:方式（sql|call) interface:是否显示输入条件页面(true|false) 
	databusid:数据总线编号 transdataactionurl:数据整理URL async:异步提交标志 pagesize:页面显示记录数(缺省为10) -->
<CommQry title="可疑数据补录" navigate="可疑数据补录&gt;可疑数据补录" type="call"
	interface="true" pagesize="100" async="true" databusid=""
	transdataactionurl="/trans/TransDataAction.do"
	getterclassname="com.huateng.report.hfaml3.bs.getter.AmlTradInfoAllThreeGetter">
	<Include id="BankParam" />
	<Fields>
		<!-- Common Field start -->
		<Field id="id" desc="记录主键" require="false" edittype="text" datatype="string" method="None" readonly="false" size="32" status="N" primary="true" xpath="/id" />
		<Field id="select" desc="选择" method="None" edittype="checkbox" datatype="boolean" xpath="" />
		<Field id="oper" desc="操作" method="None" edittype="text" datatype="string" xpath="" />
		<Field id="etlDate" desc="数据日期" edittype="text" datatype="date" require="false" method="None" readonly="false" size="34" status="F" xpath="/etlDate" />
		<Field id="finaOrgNoRelatoCust" desc="金融机构与客户的关系" edittype="select" datatype="string" require="false" method="None" readonly="false" size="2" translated="DATA_DIC.9016" status="N" xpath="/finaOrgNoRelatoCust" />
		<Field id="finaOrgCode" desc="金融机构网点代码" edittype="text" datatype="string" require="false" method="None" readonly="false" size="50" status="F"  xpath="/finaOrgCode" />
		<Field id="custNo" desc="客户号" edittype="text" datatype="string" require="false" method="None" readonly="false" size="32" status="F" xpath="/custNo" />
		<Field id="custName" desc="客户名称/姓名" edittype="text" datatype="string" require="false" method="None" readonly="false" size="200" status="F" xpath="/custName" />
		<Field id="custIdType" desc="客户身份证件/证明文件类型" edittype="select" init="false" datatype="string" require="false" method="None" readonly="false" size="32" translated="DATA_DIC.158" status="F" xpath="/custIdType" />
		<Field id="custIdCertNo" desc="客户身份证件/证明文件号码" edittype="text" datatype="string" require="false" method="None" readonly="false" size="200" status="F"  xpath="/custIdCertNo" />
		<Field id="custMetierIndt" desc="客户职业（对私）或客户行业（对公）" edittype="select"  require="false" status="F" translated="CQ:ctvcSelect" fieldmap="custMetierIndtName=name;custMetierIndt=id" method="None" viewField="name" primary="true" dropdowntype="dynamic"  cached="false" datatype="string" size="8"  xpath="/custMetierIndt" />
		<Field id="custMetierIndtName" desc="客户职业（对私）或客户行业（对公）" status="F" method="com.huateng.ebank.business.common.CQMethod.getctvcName" primary="true" type="String" size="150"	 xpath="/custMetierIndt"  codetype="CTVC"/> 
		<Field id="custContactPatn" desc="客户联系方式" edittype="text" datatype="string" require="false" method="None" readonly="false" size="320" status="F"  xpath="/custContactPatn" />
		<Field id="custDetailAddr" desc="客户详细地址" edittype="text" datatype="string" require="false" method="None" readonly="false" size="4000" status="F"  xpath="/custDetailAddr" />
		<Field id="custOthrsContactPatn" desc="客户其他联系方式" edittype="text" datatype="string" require="false" method="None" readonly="false" size="1000" status="F"  xpath="/custOthrsContactPatn" />
		<Field id="custNatCode" desc="客户国籍" require="false" edittype="select" size="3" datatype="string" status="F" translated="CQ:BiNationregionSelect" editable="true" dropdowntype="dynamic" viewField="nationregionIdName" method="None" fieldmap="custNatCode=nationregionId;custNatCodeName=nationregionIdName" xpath="/custNatCode" />
		<Field id="custNatCodeName" desc="客户国籍" status="F" method="com.huateng.ebank.business.common.CQMethod.getNationregionIdName" editable="true" type="string" size="150" xpath="/custNatCode"  />
		<Field id="custOpenAcctDate" desc="客户开户时间" edittype="text" datatype="timestamp" require="false" method="None" readonly="false" size="34" status="F"  xpath="/custOpenAcctDate" />
		<Field id="acctNo" desc="账号" edittype="text" datatype="string" require="false" method="None" readonly="false" size="64" status="F" xpath="/acctNo" />
		<Field id="acctType" desc="账户类型" require="false" edittype="select" datatype="string" method="None" readonly="false" size="6" status="F" translated="DATA_DIC.3004" xpath="/acctType" />
		<Field id="bankCardType" desc="银行卡类型" require="false" edittype="select" translated="DATA_DIC.9015" readonly="" primary="" size="2" datatype="string" xpath="/bankCardType" />
		<Field id="bankCardNo" desc="银行卡号码" edittype="text" datatype="string" require="false" method="None" readonly="false" size="50" status="F" xpath="/bankCardNo" />
		<Field id="chargeName" desc="代办人姓名" edittype="text" datatype="string" require="false" method="None" readonly="false" size="120" status="F" xpath="/chargeName" />
		<Field id="chargeIdType" desc="代办人身份证件/证明文件类型" edittype="select" datatype="string" require="false" method="None" readonly="false" size="6" translated="DATA_DIC.158" init="false" status="F"  xpath="/chargeIdType" />
		<Field id="chargeIdCertNo" desc="代办人身份证件/证明文件号码" edittype="text" datatype="string" require="false" method="None" readonly="false" size="20" status="F"  xpath="/chargeIdCertNo" />
		<Field id="chargeNatCode" desc="代办人国籍" require="false" edittype="select" size="3" datatype="string" status="F" translated="CQ:BiNationregionSelect" editable="true" dropdowntype="dynamic" viewField="nationregionIdName" method="None" fieldmap="chargeNatCode=nationregionId;chargeNatCodeName=nationregionIdName" xpath="/chargeNatCode" />
		<Field id="chargeNatCodeName" desc="代办人国籍" status="F" method="com.huateng.ebank.business.common.CQMethod.getNationregionIdName" editable="true" readonly="" primary="" type="string" size="150" xpath="/chargeNatCode"  />
		<Field id="tradTime" desc="交易时间" edittype="text" datatype="timestamp" require="false" method="None" readonly="false" size="34" status="F" xpath="/tradTime" />
		<Field id="tradPlace" desc="交易发生地" edittype="text" datatype="string" require="false" method="None" readonly="false" size="64" status="F" xpath="/tradPlace" />
		<Field id="bussFlag" desc="业务标识号" edittype="text" datatype="string" require="false" method="None" readonly="false" size="64" status="F" xpath="/bussFlag" />
		<Field id="payMatchNoType" desc="收付款方匹配号类型" edittype="select" datatype="string" require="false" method="None" readonly="false" size="2" translated="DATA_DIC.9017" status="F"  xpath="/payMatchNoType" />
		<Field id="payMatchNo" desc="收付款方匹配号" edittype="text" datatype="string" require="false" method="None" readonly="false" size="64" status="F" xpath="/payMatchNo" />
		<Field id="tradType" desc="交易方式" edittype="select" require="false" status="F" translated="CQ:BiTreeDataDicSelect" fieldmap="tradTypeName=name;tradType=id" method="None" viewField="name" primary="true" dropdowntype="dynamic" datatype="string" size="8"  xpath="/tradType" />
		<Field id="tradTypeName" desc="交易方式" status="F" method="com.huateng.ebank.business.common.CQMethod.getBiTreeDataDicName" readonly="" primary="true" type="String" size="150" xpath="/tradType" codetype="TSTP" />
		<Field id="overseaPayTradNoType" desc="涉外收支交易分类与代码" require="false" status="F" translated="CQ:MtsInOutCodeTreeSelect"
			fieldmap="overseaPayTradNoTypeName=name;overseaPayTradNoType=id"
			method="None" viewField="name" primary="true" dropdowntype="dynamic"
			edittype="select" datatype="string" size="16" 
			xpath="/overseaPayTradNoType" />
		<Field id="overseaPayTradNoTypeName" desc="涉外收支交易分类与代码" status="F"
			method="com.huateng.ebank.business.common.CQMethod.gettsctName"
			width="" readonly="" primary="true" type="String" size="150"
			xpath="/overseaPayTradNoType"  codetype="AML" />
		<Field id="fundPayFlag" desc="资金收付标志" require="false" edittype="select"
			datatype="string" method="None" readonly="false" size="2" status="F"
			 translated="DATA_DIC.164" xpath="/fundPayFlag" />
		<Field id="fundPayPurpos" desc="资金用途" edittype="text" datatype="string"
			require="false" method="None" readonly="false" size="240" status="F"
			 xpath="/fundPayPurpos" />
		<Field id="ccyCd" desc="币种" editable="true" require="false"
			edittype="select" translated="CQ:CurrencySelect" dropdowntype="dynamic"
			method="None" viewField="currencyNoName" status="F"
			fieldmap="ccyCd=currencyNo;ccyCdName=currencyNoName" size="3"
			 xpath="/ccyCd" />
		<Field id="ccyCdName" desc="币种" editable="true" status="F"
			require=""
			method="com.huateng.ebank.business.common.CQMethod.getCurNameByCurNo"
			width="" readonly="" primary="true" type="String" size="150" xpath="/ccyCd" />
		<Field id="tradAmt" desc="交易金额" edittype="text" datatype="currency"
			scale="2" require="false" method="None" readonly="false" size="20"
			status="F"  xpath="/tradAmt" />
		<Field id="opsFinaOrgName" desc="对方金融机构网点名称" edittype="text"
			datatype="string" require="false" method="None" readonly="false"
			size="64" status="F"  xpath="/opsFinaOrgName" />
		<Field id="opsFinaOrgCodeType" desc="对方金融机构网点代码类型" edittype="select"
			datatype="string" require="false" method="None" readonly="false"
			size="2" translated="DATA_DIC.9300" status="F" 
			xpath="/opsFinaOrgCodeType" />
		<Field id="opsFinaOrgCode" desc="对方金融机构网点代码" edittype="text"
			datatype="string" require="false" method="None" readonly="false"
			size="50" status="F"  xpath="/opsFinaOrgCode" />
		<Field id="opsFinaOrgAreaCode" desc="对方金融机构网点行政区划代码" edittype="text"
			datatype="string" require="false" method="None" readonly="false"
			size="9" status="F"  xpath="/opsFinaOrgAreaCode" />
		<Field id="tradAdvsName" desc="交易对手姓名/名称" edittype="text"
			datatype="string" require="false" method="None" readonly="false"
			size="240" status="F"  xpath="/tradAdvsName" />
		<Field id="tradAdvsIdType" desc="交易对手身份证件/证明文件类型" edittype="select"
			datatype="string" require="false" method="None" readonly="false"
			size="6" translated="DATA_DIC.158" init="false" status="N" 
			xpath="/tradAdvsIdType" />
		<Field id="tradAdvsIdCertNo" desc="交易对手身份证件/证明文件号码" edittype="text"
			datatype="string" require="false" method="None" readonly="false"
			size="20" status="F"  xpath="/tradAdvsIdCertNo" />
		<Field id="tradAdvsAcctType" desc="交易对手账户类型" require="false"
			edittype="select" datatype="string" method="None" readonly="false"
			size="6" status="F"  translated="DATA_DIC.3004" xpath="/tradAdvsAcctType" />
		<Field id="tradAdvsAcctNo" desc="交易对手账号" edittype="text"
			datatype="string" require="false" method="None" readonly="false"
			size="64" status="F"  xpath="/tradAdvsAcctNo" />
		<Field id="nonCotrTradType" desc="非柜台交易方式" edittype="select"
			datatype="string" require="false" method="None" readonly="false"
			size="2" translated="DATA_DIC.9018" init="false" status="F" 
			xpath="/nonCotrTradType" />
		<Field id="nonCotrTradTypeCode" desc="非柜台交易方式的设备代码" edittype="text"
			datatype="string" require="false" method="None" readonly="false"
			size="64" status="F"  xpath="/nonCotrTradTypeCode" />
		<Field id="bankPayorgBussno" desc="银行与支付机构之间的业务交易编码" edittype="text"
			datatype="string" require="false" method="None" readonly="false"
			size="64" status="F"  xpath="/bankPayorgBussno" />
		<Field id="nationCode" desc="国家代码" edittype="text" datatype="string"
			require="false" method="None" readonly="false" size="2" status="F"
			 xpath="/nationCode" />
		<Field id="interCustSort" desc="国内客户群体成员" edittype="text"
			datatype="string" require="false" method="None" readonly="false"
			size="4" status="F"  xpath="/interCustSort" />
		<Field id="dealQueue" desc="处理队列" edittype="text" datatype="string"
			require="false" method="None" readonly="false" size="4" status="F"
			 xpath="/dealQueue" />
		<Field id="transCharacter" desc="交易特征" edittype="text" datatype="string"
			require="false" method="None" readonly="false" size="10" status="F"
			 xpath="/transCharacter" />
		<Field id="orgCode" desc="交易处理部门" edittype="text" datatype="string"
			require="false" method="None" readonly="false" size="30" status="F"
			 xpath="/orgCode" />
		<Field id="cnyTradAmt" desc="原币转人民币金额" edittype="text" datatype="currency"
			scale="2" require="false" method="None" readonly="false" size="20"
			status="F"  xpath="/cnyTradAmt" />
		<Field id="usdTradAmt" desc="原币转美元金额" edittype="text" datatype="currency"
			scale="2" require="false" method="None" readonly="false" size="20"
			status="F"  xpath="/usdTradAmt" />
		<Field id="bTradTypeCode" desc="大额交易特征代码" edittype="text"
			datatype="string" require="false" method="None" readonly="false"
			size="4" status="F"  xpath="/bTradTypeCode" />
		<Field id="tradInfoRemark1" desc="交易信息备注1" edittype="text"
			datatype="string" require="false" method="None" readonly="false"
			size="64" status="F"  xpath="/tradInfoRemark1" />
		<Field id="tradInfoRemark2" desc="交易信息备注2" edittype="text"
			datatype="string" require="false" method="None" readonly="false"
			size="64" status="F"  xpath="/tradInfoRemark2" />
		<Field id="tradDirect" desc="交易去向" edittype="text" datatype="string"
			require="false" method="None" readonly="false" size="9" status="F"
			 xpath="/tradDirect" />
		<Field id="batchTime" desc="批处理时间" edittype="text" datatype="timestamp"
			require="false" method="None" readonly="false" size="34" status="F"
			 xpath="/batchTime" />
		<Field id="cTraAmt" desc="交易金额" edittype="text" datatype="currency"
			scale="2" require="false" method="None" readonly="false" size="20"
			status="F"  xpath="/cTraAmt" />
		<Field id="alternateVField1" desc="备用字段1" edittype="text"
			datatype="string" require="false" method="None" readonly="false"
			size="20" status="F"  xpath="/alternateVField1" />
		<Field id="alternateVField2" desc="备用字段2" edittype="text"
			datatype="string" require="false" method="None" readonly="false"
			size="20" status="F"  xpath="/alternateVField2" />
		<Field id="alternateVField3" desc="备用字段3" edittype="text"
			datatype="string" require="false" method="None" readonly="false"
			size="20" status="F"  xpath="/alternateVField3" />
		<Field id="alternateVField4" desc="备用字段4" edittype="text"
			datatype="string" require="false" method="None" readonly="false"
			size="20" status="F"  xpath="/alternateVField4" />
		<Field id="alternateVField5" desc="备用字段5" edittype="text"
			datatype="string" require="false" method="None" readonly="false"
			size="20" status="F"  xpath="/alternateVField5" />
		<Field id="alternateVField6" desc="备用字段6" edittype="text"
			datatype="string" require="false" method="None" readonly="false"
			size="100" status="F"  xpath="/alternateVField6" />
		<Field id="alternateVField7" desc="备用字段7" edittype="text"
			datatype="string" require="false" method="None" readonly="false"
			size="100" status="F"  xpath="/alternateVField7" />
		<Field id="alternateNField1" desc="备用字段8" edittype="text"
			datatype="currency" scale="2" require="false" method="None" readonly="false"
			size="20" status="F"  xpath="/alternateNField1" />
		<Field id="alternateNField2" desc="备用字段9" edittype="text"
			datatype="currency" scale="2" require="false" method="None" readonly="false"
			size="20" status="F"  xpath="/alternateNField2" />
		<Field id="alternateNField3" desc="备用字段10" edittype="text"
			datatype="currency" scale="2" require="false" method="None" readonly="false"
			size="20" status="F"  xpath="/alternateNField3" />
		<Field id="alternateNField4" desc="备用字段11" edittype="text"
			datatype="currency" scale="2" require="false" method="None" readonly="false"
			size="20" status="F"  xpath="/alternateNField4" />
		<Field id="alternateNField5" desc="备用字段12" edittype="text"
			datatype="currency" scale="2" require="false" method="None" readonly="false"
			size="20" status="F"  xpath="/alternateNField5" />
		<Field id="alternateNField6" desc="备用字段13" edittype="text"
			datatype="currency" scale="2" require="false" method="None" readonly="false"
			size="20" status="F"  xpath="/alternateNField6" />
			
		<!--20181012 add  -->
		<Field id="ccpdt" desc="入账日期" edittype="text" datatype="string" require="false" method="None" readonly="false" size="8" status="F" xpath="/ccpdt" />
		<!-- 20190705 zhuguoliang add -->
		<Field id="openAcctDate" desc="客户账户开立时间" edittype="text" datatype="timestamp" require="false" method="None" readonly="false" size="34" status="F"  xpath="/openAcctDate" />
		
		<!-- 20190919 zqq add -->
		<Field id="localAcctType" desc="本地账户类型" edittype="text" datatype="string" require="false" method="None" readonly="false" size="20" status="F" xpath="/localAcctType" />
	</Fields>

	<Where>
		<DateTextBox id="qtradTimeStart" desc="起始交易日期" edittype="text" datatype="date" size="32" require="true" index="0" />
		<DateTextBox id="qtradTimeEnd" desc="截止交易日期" edittype="text" datatype="date" size="32" require="true" index="1" />
		<TextBox id="qcustNo" desc="客户号" edittype="text" status="F" datatype="string" size="64" require="true" index="2" />
		<TextBox id="qticd" desc="业务标识号" edittype="text" status="F" datatype="string" size="128" index="3" />
	</Where>
	<Operations>
		<Button id="btConfirm" desc="确认勾选" icon="icon-ok" operation="asysubmit" updateClass="com.huateng.report.hfaml3.bs.update.AmlBsTransAddUpdate"  />
		<Button id="btDownload" name="btDownload" desc="导出" updateClass="" operation="" url="#" icon="icon-export-xls" />
	</Operations>
</CommQry>
