<?xml version="1.0" encoding="UTF-8"?>
<!-- 用于直接生成SQL语句，支持同步和异步提交 -->
<!-- title:标题 navigate:导航信息 type:方式（sql|call) interface:是否显示输入条件页面(true|false) 
	databusid:数据总线编号 transdataactionurl:数据整理URL async:异步提交标志 pagesize:页面显示记录数(缺省为10) -->
<CommQry title="大额交易报送情况统计报表" navigate="反洗钱&gt;大额交易"
	type="call" 
	interface="true" 
	pagesize="100" 
	async="true" 
	databusid=""
	transdataactionurl="/trans/TransDataAction.do" 
	getterclassname="com.huateng.report.hfaml3.bh.getter.AmlTransReportCountMGetter">
	<Include id="BankParam" />
	<PageQryExp type="XLS" limit="true" encoding="gbk" url="/trans/qryExpHsbc.do" desc="大额交易报送情况统计报表-月报"  title="银行业机构大额交易报告报送情况统计表"/>
	<Fields>
		<!--公共基础信息 -->  
		<Field id="id" desc="记录主键" edittype="text" datatype="string" method="None" readonly="false" size="32" status="N"  primary="true" xpath="/id" />      
		<Field id="reportDate" desc="报送日期" edittype="text" datatype="string" method="None" readonly="false" size="3" status="F"  xpath="/reportDate" />
		<Field id="orgNo" desc="报告机构" edittype="text" datatype="string" method="None" readonly="false" size="2" status="F"  xpath="/orgNo" />
		<Field id="reportRate" desc="在交易发生后的五个工作日内报送的交易占比" edittype="text" datatype="string" method="None" readonly="false" size="20" status="F"  xpath="/reportRate" />
		<Field id="larReCnt" desc="大额交易报告份数" edittype="text" datatype="string" method="None" readonly="false" size="20" status="F"  xpath="/larReCnt" />
		<Field id="tradCnt" desc="大额交易报告涉及交易笔数" edittype="text" datatype="string" method="None" readonly="false" size="20" status="F"  xpath="/tradCnt" />
		<Field id="inCnt" desc="在交易发生后的五个工作日内报送的交易笔数" edittype="text" datatype="string" method="None" readonly="false" size="20" status="F"  xpath="/inCnt" />
		<Field id="delCnt" desc="删除交易笔数" edittype="text" datatype="string" method="None" readonly="false" size="20" status="F"  xpath="/delCnt" />
		<Field id="changeCnt" desc="修改交易笔数" edittype="text" datatype="string" method="None" readonly="false" size="20" status="F"  xpath="/changeCnt" />
		<Field id="addCnt" desc="补报交易笔数" edittype="text" datatype="string" method="None" readonly="false" size="20" status="F"  xpath="/addCnt" />
	</Fields>
	<Where>
		<Option id="qreportDateStart" desc="开始报送日期" placeholder="yyyyMM"
			edittype="select" dropdowntype="custom" url="/templets/lib/yyyyMM.ftl"
			rules="isNum" editable="true" size="6" status="F" require="true"
			fieldmap="qreportDateStart=yyyyMM" viewField="yyyyMM"
			index="9" />
		<Option id="qreportDateEnd" desc="结束报送日期" placeholder="yyyyMM"
			edittype="select" dropdowntype="custom" url="/templets/lib/yyyyMM.ftl"
			rules="isNum" editable="true" size="6" status="F" require="true"
			fieldmap="qreportDateEnd=yyyyMM" viewField="yyyyMM"
			index="9" />
	</Where>
	<Operations>
	</Operations>
</CommQry>