<?xml version="1.0" encoding="UTF-8"?>

<!-- 用于直接生成SQL语句，支持同步和异步提交 -->
<!-- title:标题 navigate:导航信息 type:方式（sql|call) interface:是否显示输入条件页面(true|false)
	databusid:数据总线编号 transdataactionurl:数据整理URL txnlogflag:true记录日志 async:异步提交标志
	pagesize:页面显示记录数(缺省为10) -->
<CommQry title="报表" navigate="报表" type="call" interface="false"
	pagesize="10" async="true" databusid="" transdataactionurl="/trans/TransDataAction.do"
	txnlogflag="true" getterclassname="com.huateng.hsbc.creditcard.getter.StaffReportGetter">
	<Include id="BankParam" />
	
	<Fields>
		<!-- status :F-基本信息中显示 N-不显示 D-详细信息中显示 A-基本、详细信息中都显示 -->
		<!-- primary : true-作为表单项记录上传 false-不作为表单项上传 -->
		<Field id="showDate" desc="Date" edittype="text" datatype="date" method="None" readonly="true" size="8" status="F" default="" xpath="/showDate" />
		<Field id="operatorNo"  desc="Operator ID"   edittype="text" datatype="string" method="None" readonly="true" size="20"  status="F" default="" xpath="/operatorNo" width="250"/>
		<Field id="operatorName"  desc="Operator Name"   edittype="text" datatype="string" method="None" readonly="true" size="20"  status="F" default="" xpath="/operatorName" width="250"/>
		<Field id="openAlert"  desc="Open alert volume"   edittype="text" datatype="string" method="None" readonly="true" size="20"  status="F" default="" xpath="/openAlert" width="250"/>
		<Field id="closeAlert"  desc="Close Alert Volume"   edittype="text" datatype="string" method="None" readonly="true" size="20"  status="F" default="" xpath="/closeAlert" width="250"/>
	</Fields>

	<Where>
       <TextBox id="qDateStart" desc="Alert Date From"  require="false" status="F" datatype="date" method="None" size="" width="" primary="false" index="0" type="String" />
		<TextBox id="qDateEnd" desc="To" require="false" status="F" datatype="date" method="None" size="" width="" primary="false" index="1" type="String" />
	</Where>
	<Operations>
		<Button id="btDownload" name="btDownload" desc="导出" updateClass="" operation="" url="#" show="" group="" txn="" icon="icon-export-xls" />
	</Operations>

</CommQry>