<?xml version="1.0" encoding="UTF-8"?>

<!-- 用于直接生成SQL语句，支持同步和异步提交 -->
<!-- title:标题 navigate:导航信息 type:方式（sql|call) interface:是否显示输入条件页面(true|false)
	databusid:数据总线编号 transdataactionurl:数据整理URL txnlogflag:true记录日志 async:异步提交标志
	pagesize:页面显示记录数(缺省为10) -->
<CommQry title="短信" navigate="短信" type="call" interface="false"
	pagesize="10" async="true" databusid="" transdataactionurl="/trans/TransDataAction.do"
	txnlogflag="true" getterclassname="com.huateng.hsbc.creditcard.getter.AttentionListGeneralGetter">
	<Include id="BankParam" />
	<Fields>
		<!-- status :F-基本信息中显示 N-不显示 D-详细信息中显示 A-基本、详细信息中都显示 -->
		<!-- primary : true-作为表单项记录上传 false-不作为表单项上传 -->
		<Field id="rec_id" desc="id"  method="None" edittype="text" datatype="string" xpath="/rec_id" />
		<Field id="alarm_date" desc="Bacth Cycle(批次号)" edittype="text" datatype="string" method="None" readonly="true" size="512"  status="F" default="" xpath="/alarm_date" width="200"/>
		<Field id="alarm_no" desc="Alert ID（告警号）" edittype="text" datatype="string" method="None" readonly="true" size="512"  status="F" default="" xpath="/alarm_no" width="200"/>
		<Field id="cust_no" desc="Customer ID no" edittype="text" datatype="string" method="None" readonly="true" size="512"  status="F" default="" xpath="/cust_no" width="200"/>
		<Field id="cust_name" desc="Customer Name" edittype="text" datatype="string" method="None" readonly="true" size="512"  status="F" default="" xpath="/cust_name" width="200"/>
		<Field id="cust_phone_no" desc="Mobile Phone No" edittype="text" datatype="string" method="None" readonly="true" size="512"  status="F" default="" xpath="/cust_phone_no" width="200"/>
		
		<Field id="id_type"         desc="ID Type"         edittype="select" translated="DATA_DIC.1014" datatype="string" method="None" readonly="true" size="52"  status="F" default="" xpath="/id_type" width="250"/>
		<Field id="id_no"           desc="ID No"           edittype="text" datatype="string" method="None" readonly="true" size="52"  status="F" default="" xpath="/id_no"  width="250"/>
		<Field id="send_time"      desc="SMS Delivery Date" edittype="text" datatype="timestamp" method="None" readonly="true" size="14"  status="F" default="" xpath="/send_time" width="250"/>
	</Fields>

	<Where>
		<TextBox id="qDateStart" desc="Date From"  require="false" status="F" datatype="date" method="None" size="" width="" primary="false" index="0" type="String" />
		<TextBox id="qDateEnd" desc="To" require="false" status="F" datatype="date" method="None" size="" width="" primary="false" index="1" type="String" />
    </Where>
	<Operations>
		<Button id="btDownload" name="btDownload" desc="导出" updateClass="" operation="" url="#" show="" group="" txn="" icon="icon-export-xls" />
	</Operations>

</CommQry>