<?xml version="1.0" encoding="UTF-8"?>
<META>
	<!-- 信用卡 -->
	<Query id="CreditCardAssignInfo" path="/fpages/creditcard/xml/CreditCardAssignInfo.xml" />
	<Query id="CreditCardApplyInfo" path="/fpages/creditcard/xml/CreditCardApplyInfo.xml" />
	<Query id="CreditCardModInfo" path="/fpages/creditcard/xml/CreditCardModInfo.xml" />
	<Query id="CreditCardExtractInfo" path="/fpages/creditcard/xml/CreditCardExtractInfo.xml" />
	<Query id="CreditCardApproveApplyInfo" path="/fpages/creditcard/xml/CreditCardApproveApplyInfo.xml" />
	<Query id="CreditCardExtractApproveInfo" path="/fpages/creditcard/xml/CreditCardExtractApproveInfo.xml" />
	<Query id="CreditCardDtl" path="/fpages/creditcard/xml/CreditCardDtl.xml" />
	
	<Query id="CreditCardTradeInfo" path="/fpages/creditcard/xml/CreditCardTradeInfo.xml" />
	<Query id="CreditCardMsgInfo" path="/fpages/creditcard/xml/CreditCardMsgInfo.xml" />
	<Query id="CreditCardMsgDtl" path="/fpages/creditcard/xml/CreditCardMsgDtl.xml" />
	<Query id="CreditCardProof" path="/fpages/creditcard/xml/CreditCardProof.xml" />
	
	<Query id="CreditCardTlrNoSelect" path="/fpages/creditcard/xml/CreditCardTlrNoSelect.xml" />
	<!-- 报表 -->
	<Query id="CreditCardAuditTrailInfo" path="/fpages/creditcard/xml/CreditCardAuditTrailInfo.xml" />
</META>