<?xml version="1.0" encoding="UTF-8"?>
<!DOCTYPE beans PUBLIC "-//SPRING//DTD BEAN 2.0//EN" "http://www.springframework.org/dtd/spring-beans-2.0.dtd">
<beans>
	<bean id="Management.LoginManagerOP"
		  class="com.huateng.ebank.business.common.operator.LoginManagerOP">
	</bean>
	<bean id="Management.LogoutManagerOP"
		  class="com.huateng.ebank.business.common.operator.LogoutManagerOP">
	</bean>
	<bean id="Management.FavOperation"
          class="com.huateng.ebank.business.management.operation.FavOperation">
    </bean>
	<bean id="Management.ChangePwdOP"
		  class="com.huateng.ebank.business.management.operation.ChangePwdOP">
	</bean>
    <bean id="Management.PasswordResetOP"
		  class="com.huateng.ebank.business.management.operation.PasswordResetOP">
	</bean>
	<bean id="Management.CustRoleMngOperation"
		  class="com.huateng.ebank.business.management.operation.CustRoleMngOperation">
	</bean>

	<bean id="Management.TlrInfoExOperation"
		  class="com.huateng.ebank.business.management.operation.TlrInfoExOperation">
	</bean>
	<bean id="Management.BranchManageUpdateOperation"
		  class="com.huateng.ebank.business.management.operation.BranchManageUpdateOperation">
	</bean>

	<bean id="Management.TlrInfoOperation"
		  class="com.huateng.ebank.business.management.operation.TlrInfoOperation">
	</bean>

  	<bean id="Management.SystemParamOperation"
		class="com.huateng.ebank.business.management.operation.SystemParamOperation">
	</bean>

	<!-- lilinfeng add 岗位权限设置管理 -->

	<bean id="parammng.roleInfoOP"
		  class="com.huateng.ebank.business.management.operation.RoleInfoOperation">
	</bean>

	<bean id="parammng.RoleInfoOperationNew"
		  class="com.huateng.ebank.business.management.operation.RoleInfoOperationNew">
	</bean>
	<!-- lilinfeng add 岗位权限设置管理 -->

	<!-- add by zhaozhiguo 2011-6-20 BMS-3153   -->
	<bean id="Management.PswdValidteOP"
		class="com.huateng.ebank.business.common.operator.PswdValidteOP">
	</bean>


	<!-- add by zhaozhiguo 2012/02/14 FPP-9 用户,岗位及机构的管理页面优化调整 begin -->
	<bean id="management.OperMngOperation"
			  class="com.huateng.ebank.business.opermng.operation.OperMngOperation">
	</bean>
	<bean id="management.RoleMngOperation"
			  class="com.huateng.ebank.business.rolemng.operation.RoleMngOperation">
	</bean>
	<bean id="management.BranchMngOperation"
			  class="com.huateng.ebank.business.branchmng.operation.BranchMngOperation">
	</bean>
	<!-- add by zhaozhiguo 2012/02/14 FPP-9 用户,岗位及机构的管理页面优化调整 end -->
	<!-- add by zhiyang.he 双岗复核改造 2012-09-03 begin -->
	<bean id="management.RoleMngApplyOperation"
    	class="com.huateng.ebank.business.management.operation.RoleMngApplyOperation">
  	</bean>
	<!-- add by zhiyang.he 双岗复核改造 2012-09-03 end -->
	<bean id="manualCorrectionService" class="com.huateng.report.hfaml3.service.ManualCorrectionService">
  	</bean>
  	<bean id="receiptOrNoticeService" class="com.huateng.report.hfaml3.dwr.service.ReceiptOrNoticeService">
  	</bean>
  	
</beans>
