<?xml version="1.0" encoding="UTF-8"?>

<!-- 用于直接生成SQL语句，支持同步和异步提交 -->
<!-- title:标题 navigate:导航信息 type:方式（sql|call) interface:是否显示输入条件页面(true|false)
	databusid:数据总线编号 transdataactionurl:数据整理URL txnlogflag:true记录日志 async:异步提交标志
	pagesize:页面显示记录数(缺省为10) -->
<CommQry title="审计报表" navigate="审计报表" type="call" interface="false"
	pagesize="10" async="true" databusid="" transdataactionurl="/trans/TransDataAction.do"
	txnlogflag="true" getterclassname="com.huateng.hsbc.creditcard.getter.CreditCardAuditTrailInfoGetter">
	<Include id="BankParam" />
	<!-- <PageQryExp type="XLS" limit="true" encoding="UTF-8" url="/trans/qryExp.do" desc="审计信息"  /> -->
	<Fields>
		<!-- status :F-基本信息中显示 N-不显示 D-详细信息中显示 A-基本、详细信息中都显示 -->
		<!-- primary : true-作为表单项记录上传 false-不作为表单项上传 -->
		<Field id="id" desc="id"  method="None" edittype="text" datatype="string" xpath="/id" />
		<Field id="alarmNo"              desc="Alert id"                 edittype="text" datatype="string" method="None" readonly="true" size="52"  status="F" default="" xpath="/alarmNo" />
		<Field id="fieldName"          desc="Field"               edittype="text" datatype="string" method="None" readonly="true" size="52"  status="F" default="" xpath="/fieldName" />
		<Field id="oldValue"          desc="From"               edittype="text" datatype="string" method="None" readonly="true" size="2000"  status="F" default="" xpath="/oldValue" />
		<Field id="newValue"          desc="To"               edittype="text" datatype="string" method="None" readonly="true" size="2000"  status="F" default="" xpath="/newValue" />
		<Field id="operatorTlr"          desc="Action by"               edittype="text" datatype="string" method="None" readonly="true" size="30"  status="F" default="" xpath="/operatorTlr" />
		<Field id="operatorTime"        desc="Timestemp"          edittype="text" datatype="timestamp" method="None" readonly="true" size="14"  status="F" default="" xpath="/operatorTime" />
	</Fields>

	<Where>
       	<TextBox id="qalarmNo" desc="Alert id" require="false" status="F" datatype="string" method="None" size="" width="" primary="false" index="1" type="String" />
		<TextBox id="qoperatorTlr" desc="Action by" require="false" status="F" datatype="string" method="None" size="" width="" primary="false" index="2" type="String" />
	</Where>
	<Operations>
		<Button id="btDownload" name="btDownload" desc="导出" updateClass="" operation="" url="#" show="" group="" txn="" icon="icon-export-xls" />
	</Operations>

</CommQry>