<?xml version="1.0" encoding="UTF-8"?>

<!-- 用于直接生成SQL语句，支持同步和异步提交 -->
<!-- title:标题 navigate:导航信息 type:方式（sql|call) interface:是否显示输入条件页面(true|false)
	databusid:数据总线编号 transdataactionurl:数据整理URL txnlogflag:true记录日志 async:异步提交标志
	pagesize:页面显示记录数(缺省为10) -->
<CommQry title="交易" navigate="交易" type="call" interface="false"
	pagesize="10" async="true" databusid="" transdataactionurl="/trans/TransDataAction.do"
	txnlogflag="true" getterclassname="com.huateng.hsbc.creditcard.getter.CreditCardTradeInfoGetter">
	<Include id="BankParam" />
	<Fields>
		<!-- status :F-基本信息中显示 N-不显示 D-详细信息中显示 A-基本、详细信息中都显示 -->
		<!-- primary : true-作为表单项记录上传 false-不作为表单项上传 -->
		<Field id="select" desc="选择" method="None" edittype="checkbox" datatype="boolean" xpath="" />
		<Field id="ftloperation" desc="操作" status="N" size="20" tip="操作"/>
		<Field id="id" desc="id"  method="None" edittype="text" datatype="string" xpath="/id" />
		
		<Field id="custNo"    desc="客户号"   edittype="text" datatype="string" method="None" readonly="true" size="52"  status="F" default="" xpath="/custNo"/>
		<Field id="alarmNo"   desc="告警号"   edittype="text" datatype="string" method="None" readonly="true" size="52"  status="F" default="" xpath="/alarmNo" />
		<Field id="tradeDate" desc="交易日期" edittype="text" datatype="date" method="None" readonly="true" size="8" status="F" default="" xpath="/tradeDate" />
		<Field id="tradeTime" desc="交易时间" edittype="text" datatype="string" method="None" readonly="true" size="8" status="F" default="" xpath="/tradeTime" />
		<Field id="tradeCur"  desc="交易币种" edittype="text" datatype="string" method="None" readonly="true" size="52"  status="F" default="" xpath="/tradeCur" />
		<Field id="tradeAmt" desc="交易金额"  edittype="text" datatype="string" method="None" readonly="true" size="20"  status="F" default="" xpath="/tradeAmt"/>
		<Field id="tradeCity" desc="交易国别/城市"  edittype="text" datatype="string" method="None" readonly="true" size="20"  status="F" default="" xpath="/tradeCity"/>
		<Field id="mccCode" desc="MCC CODE FOR MERCHANT"  edittype="text" datatype="string" method="None" readonly="true" size="20"  status="F" default="" xpath="/mccCode"/>
		<Field id="merchantName" desc="Merchant name"  edittype="text" datatype="string" method="None" readonly="true" size="20"  status="F" default="" xpath="/merchantName"/>
		<Field id="merchantId" desc="Merchant id"  edittype="text" datatype="string" method="None" readonly="true" size="20"  status="F" default="" xpath="/merchantId"/>
		<Field id="terminalId" desc="Terminal id"  edittype="text" datatype="string" method="None" readonly="true" size="20"  status="F" default="" xpath="/terminalId"/>
		<Field id="posEntrymode" desc="Pos entry mode "  edittype="text" datatype="string" method="None" readonly="true" size="20"  status="F" default="" xpath="/posEntrymode"/>
		<Field id="applePay" desc="If apple pay"  edittype="text" datatype="string" method="None" readonly="true" size="20"  status="F" default="" xpath="/applePay"/>
		<Field id="alarmNo" desc="告警号"  edittype="text" datatype="string" method="None" readonly="true" size="20"  status="N" default="" xpath="/alarmNo"/>
		
		<Field id="selectBackGround" desc="标记" method="None" status="N" edittype="checkbox" readonly="true"  datatype="boolean" xpath="/selectBackGround" />
	</Fields>

	<Where>
    </Where>
	<Operations>
		<Button id="btSendMsg" name="btSendMsg" desc="发送短信" updateClass="" operation="" url="#" show="" group="" txn="" icon="icon-message" />
		<Button id="btTradeBack" name="btTradeBack" desc="返回" updateClass="" operation="" url="#" show="" group="" txn="" icon="icon-back" />
	</Operations>

</CommQry>