<?xml version="1.0" encoding="UTF-8"?>
<!-- 用于直接生成SQL语句，支持同步和异步提交 -->
<!-- title:标题 navigate:导航信息 type:方式（sql|call) interface:是否显示输入条件页面(true|false) 
	databusid:数据总线编号 transdataactionurl:数据整理URL async:异步提交标志 pagesize:页面显示记录数(缺省为10) -->
<CommQry title="上报交易报表" navigate="反洗钱&gt;大额交易"
	type="call" 
	interface="true" 
	pagesize="100" 
	async="true" 
	databusid=""
	transdataactionurl="/trans/TransDataAction.do" 
	getterclassname="com.huateng.report.hfaml3.bh.getter.AmlReportSuccTranMGetter">
	<Include id="BankParam" />
	<PageQryExp type="XLS" limit="true" encoding="UTF-8" url="/trans/qryExp.do" desc="上报交易统计报表-月报"  />
	<Fields>
		<!--公共基础信息 -->  
		<Field id="id" desc="记录主键" edittype="text" datatype="string" method="None" readonly="false" size="32" status="N"  primary="true" xpath="/id" />      
		<Field id="workDate" desc="交易日期" edittype="text" datatype="string" method="None" readonly="false" size="3" status="F"  xpath="/workDate" />
		<Field id="roleName" desc="部门" edittype="text" datatype="string" method="None" readonly="false" size="2" status="F"  xpath="/roleName" />
		<Field id="tlrNo" desc="操作员编号" edittype="text" datatype="string" method="None" readonly="false" size="20" status="F"  xpath="/tlrNo" />
		<Field id="tlrName" desc="操作员名称" edittype="text" datatype="string" method="None" readonly="false" size="20" status="F"  xpath="/tlrName" />
		<Field id="packCount" desc="已打包交易条数" edittype="text" datatype="string" method="None" readonly="false" size="20" status="F"  xpath="/packCount" />
		<Field id="custOpeanAcctType" desc="主体客户类型" edittype="text" datatype="string" method="None" readonly="false" size="20" status="F"  xpath="/custOpeanAcctType" />
	</Fields>
	<Where>
		<Option id="qworkDateStart" desc="开始交易日期" placeholder="yyyyMM"
			edittype="select" dropdowntype="custom" url="/templets/lib/yyyyMM.ftl"
			rules="isNum" editable="true" size="6" status="F" require="true"
			fieldmap="qworkDateStart=yyyyMM" viewField="yyyyMM"
			index="9" />
		<Option id="qworkDateEnd" desc="结束交易日期" placeholder="yyyyMM"
			edittype="select" dropdowntype="custom" url="/templets/lib/yyyyMM.ftl"
			rules="isNum" editable="true" size="6" status="F" require="true"
			fieldmap="qworkDateEnd=yyyyMM" viewField="yyyyMM"
			index="9" />
		<TextBox id="qtlrNo" desc="操作员编号" edittype="text" datatype="string" size="100" index="2" />
	</Where>
	<Operations>
	</Operations>
</CommQry>