<?xml version="1.0" encoding="UTF-8"?>

<!-- 用于直接生成SQL语句，支持同步和异步提交 -->
<!-- title:标题 navigate:导航信息 type:方式（sql|call) interface:是否显示输入条件页面(true|false)
	databusid:数据总线编号 transdataactionurl:数据整理URL txnlogflag:true记录日志 async:异步提交标志
	pagesize:页面显示记录数(缺省为10) -->
<CommQry title="报表" navigate="报表" type="call" interface="false"
	pagesize="10" async="true" databusid="" transdataactionurl="/trans/TransDataAction.do"
	txnlogflag="true" getterclassname="com.huateng.hsbc.creditcard.getter.CreditTransactionDetailGetter">
	<Include id="BankParam" />
	
	<Fields>
		<!-- status :F-基本信息中显示 N-不显示 D-详细信息中显示 A-基本、详细信息中都显示 -->
		<!-- primary : true-作为表单项记录上传 false-不作为表单项上传 -->
		<Field id="rec_id" desc="id"  method="None" edittype="text" datatype="string" xpath="/rec_id" />
		<Field id="batch_no"           desc="Alert Date"                   edittype="text" datatype="string" method="None" readonly="true" size="512"  status="F" default="" xpath="/batch_no"          width="200"/>
		<Field id="alert_id"           desc="Alert ID"                   edittype="text" datatype="string" method="None" readonly="true" size="512"  status="F" default="" xpath="/alert_id"          width="200"/>
		<Field id="risk_level"  desc="Risk Level" edittype="select" datatype="string" method="None" readonly="true" size="5"   status="F" default="" xpath="/risk_level"   translated="DATA_DIC.1009"  width="200"/>
		<Field id="cust_no"           desc="Customer No"                   edittype="text" datatype="string" method="None" readonly="true" size="512"  status="F" default="" xpath="/cust_no"          width="200"/>
		<Field id="card_number"           desc="Card Number"                   edittype="text" datatype="string" method="None" readonly="true" size="512"  status="F" default="" xpath="/card_number"          width="200"/>
		<Field id="id_type"               desc="ID Type"     edittype="select" translated="DATA_DIC.1014" datatype="string" method="None" readonly="true" size="512"  status="F" default="" xpath="/id_type"              width="200"/>
		<Field id="id_number"             desc="ID Number"                     edittype="text" datatype="string" method="None" readonly="true" size="512"  status="F" default="" xpath="/id_number"            width="200"/>
		<Field id="cardholder_name"       desc="Principal Cardholder`s Name"   edittype="text" datatype="string" method="None" readonly="true" size="512"  status="F" default="" xpath="/cardholder_name"      width="300"/>
		<Field id="company_name"          desc="Company name"                  edittype="text" datatype="string" method="None" readonly="true" size="512"  status="F" default="" xpath="/company_name"         width="200"/>
		<Field id="customer_category"     desc="Customer category"             edittype="text" datatype="string" method="None" readonly="true" size="512"  status="F" default="" xpath="/customer_category"    width="200"/>
		<Field id="billing_date"          desc="Billing date"                  edittype="text" datatype="string" method="None" readonly="true" size="512"  status="F" default="" xpath="/billing_date"         width="200"/>
		<Field id="repayment_date"        desc="Repayment date"                edittype="text" datatype="string" method="None" readonly="true" size="512"  status="F" default="" xpath="/repayment_date"       width="200"/>
		<Field id="income"                desc="Income"                        edittype="text" datatype="string" method="None" readonly="true" size="512"  status="F" default="" xpath="/income"               width="200"/>
		<Field id="bureau_score"          desc="Bureau score"                  edittype="text" datatype="string" method="None" readonly="true" size="512"  status="F" default="" xpath="/bureau_score"         width="200"/>
		<Field id="recent_cld_time"       desc="Recent cld time"               edittype="text" datatype="string" method="None" readonly="true" size="512"  status="F" default="" xpath="/recent_cld_time"      width="200"/>
		<Field id="mobile_phon"           desc="Mobile Phone"                   edittype="text" datatype="string" method="None" readonly="true" size="512"  status="F" default="" xpath="/mobile_phon"          width="200"/>
		<Field id="credit_card_limit"     desc="Credit card limit"             edittype="text" datatype="string" method="None" readonly="true" size="512"  status="F" default="" xpath="/credit_card_limit"    width="200"/>
		<Field id="available_balance"     desc="Available balance"             edittype="text" datatype="string" method="None" readonly="true" size="512"  status="F" default="" xpath="/available_balance"    width="200"/>
		<Field id="transaction_date"      desc="Transaction date"              edittype="text" datatype="string" method="None" readonly="true" size="512"  status="F" default="" xpath="/transaction_date"     width="200"/>
		<Field id="transaction_time"      desc="Transaction time"              edittype="text" datatype="string" method="None" readonly="true" size="512"  status="F" default="" xpath="/transaction_time"     width="200"/>
		<Field id="transaction_amount"    desc="Transaction amount"            edittype="text" datatype="double" scale="2"  method="None" readonly="true" size="512"  status="F" default="" xpath="/transaction_amount"   width="200"/>
		<Field id="transaction_currency"  desc="Transaction currency"          edittype="text" datatype="string" method="None" readonly="true" size="512"  status="F" default="" xpath="/transaction_currency" width="200"/>
		<Field id="transaction_country"   desc="Transaction country"           edittype="text" datatype="string" method="None" readonly="true" size="512"  status="F" default="" xpath="/transaction_country"  width="200"/>
		<Field id="transaction_city"      desc="Transaction city"              edittype="text" datatype="string" method="None" readonly="true" size="512"  status="F" default="" xpath="/transaction_city"     width="200"/>
		<Field id="mcc_code"              desc="Mcc code"                      edittype="text" datatype="string" method="None" readonly="true" size="512"  status="F" default="" xpath="/mcc_code"             width="200"/>
		<Field id="merchant_name"         desc="Merchant name"                 edittype="text" datatype="string" method="None" readonly="true" size="512"  status="F" default="" xpath="/merchant_name"        width="200"/>
		<Field id="merchant_id"           desc="Merchant id"                   edittype="text" datatype="string" method="None" readonly="true" size="512"  status="F" default="" xpath="/merchant_id"          width="200"/>
		<Field id="terminal_id"           desc="Terminal id"                   edittype="text" datatype="string" method="None" readonly="true" size="512"  status="F" default="" xpath="/terminal_id"          width="200"/>
		<Field id="pos_entry_mode"        desc="POS entry mode 卡片过卡方式"    edittype="text" datatype="string" method="None" readonly="true" size="512"  status="F" default="" xpath="/pos_entry_mode"       width="200"/>
		<Field id="if_apple_pay"          desc="If Apple Pay"                  edittype="text" datatype="string" method="None" readonly="true" size="512"  status="F" default="" xpath="/if_apple_pay"         width="200"/>
				
	</Fields>

	<Where>
       <TextBox id="qDateStart" desc="Alert Date From"  require="true" status="F" datatype="date" method="None" size="" width="" primary="false" index="0" type="String" />
		<TextBox id="qDateEnd" desc="To" require="true" status="F" datatype="date" method="None" size="" width="" primary="false" index="1" type="String" />
	</Where>
	<Operations>
		<Button id="btDownload" name="btDownload" desc="导出" updateClass="" operation="" url="#" show="" group="" txn="" icon="icon-export-xls" />
	</Operations>

</CommQry>