<?xml version="1.0" encoding="UTF-8"?>
<META>
	<!-- 日志记录-->
	<Query id="AmlRemarkLog" path="/fpages/hf/form/xml/AmlRemarkLog.xml" />
	<!-- 交易信息明细_按交易日期 （实时）-->
	<Query id="AmlLarTradAllForm01" path="/fpages/hf/form/xml/AmlLarTradAllForm01.xml" />
	<!-- 交易信息明细_按操作日期（实时）-->
	<Query id="AmlLarTradAllForm02" path="/fpages/hf/form/xml/AmlLarTradAllForm02.xml" />
	<!-- 交易分类统计（按交易日期实时）-->
	<Query id="ViAmlTradDay" path="/fpages/hf/form/xml/ViAmlTradDay.xml" />
	<!-- 交易分类统计（按操作日期实时）-->
	<Query id="ViAmlOperDay" path="/fpages/hf/form/xml/ViAmlOperDay.xml" />
	<!-- 交易分类月统计（按交易日期）-->
	<Query id="AmlReportM01" path="/fpages/hf/form/xml/AmlReportM01.xml" />
	<!-- 交易分类月统计（按操作日期）-->
	<Query id="AmlReportM02" path="/fpages/hf/form/xml/AmlReportM02.xml" />
	<!-- 大额交易月统计报表-->
	<Query id="AmlLargeTradM" path="/fpages/hf/form/xml/AmlLargeTradM.xml" />
	<!-- 大额交易半年统计报表-->
	<Query id="AmlLargeTradHalfY" path="/fpages/hf/form/xml/AmlLargeTradHalfY.xml" />
	<!-- 大额交易年统计报表-->
	<Query id="AmlLargeTradY" path="/fpages/hf/form/xml/AmlLargeTradY.xml" />
	<!-- 大额交易状态统计报表_日报-->
	<Query id="AmlLarTradCountDay" path="/fpages/hf/form/xml/AmlLarTradCountDay.xml" />
	<!-- 大额交易状态统计报表_月报-->
	<Query id="AmlLarTradCountMonth" path="/fpages/hf/form/xml/AmlLarTradCountMonth.xml" />
	<!-- 大额用户工作效率统计报表_日报-->
	<Query id="AmlLarUserProDay" path="/fpages/hf/form/xml/AmlLarUserProDay.xml" />
	<!-- 大额用户工作效率统计报表_月报-->
	<Query id="AmlLarUserProMonth" path="/fpages/hf/form/xml/AmlLarUserProMonth.xml" />
	<!-- 大额报文统计报表_日报-->
	<Query id="AmlLarMessgeCountDay" path="/fpages/hf/form/xml/AmlLarMessgeCountDay.xml" />
	<!-- 大额报文统计报表_月报-->
	<Query id="AmlLarMessgeCountMonth" path="/fpages/hf/form/xml/AmlLarMessgeCountMonth.xml" />
	<!-- 未完成交易统计报表-->
	<Query id="AmlLarUnfinishForm" path="/fpages/hf/form/xml/AmlLarUnfinishForm.xml" />
	<!-- 0905上报比例统计报表-->
	<Query id="AmlReport0905CountDay" path="/fpages/hf/form/xml/AmlReport0905CountDay.xml" />
	<!-- 大额交易类型统计报表_月报-->
	<Query id="AmlBrSucCountMonth" path="/fpages/hf/form/xml/AmlBrSucCountMonth.xml" />
	<!-- 大额自查逾期MI报告-->
	<Query id="ViAmlSelfCheckOverdue" path="/fpages/hf/form/xml/ViAmlSelfCheckOverdue.xml" />
	<!-- 部门USER查询导出-->
	<Query id="ViAmlUserRole" path="/fpages/hf/form/xml/ViAmlUserRole.xml" />
	
	
	
	<!-- 可疑数据修补完成情况报告-->
	<Query id="ViBsCompletReport" path="/fpages/hf/form/xml/ViBsCompletReport.xml" />
	<!-- 可疑报送情况统计表_按业务条线-->
	<Query id="ViBsSendReport" path="/fpages/hf/form/xml/ViBsSendReport.xml" />
	<!-- 可疑报送情况统计表_按分支行-->
	<Query id="ViBsSendReport02" path="/fpages/hf/form/xml/ViBsSendReport02.xml" />
	<!-- 可疑报送情况详情-->
	<Query id="ViBsSendDetail" path="/fpages/hf/form/xml/ViBsSendDetail.xml" />
	<!-- 可疑报送抽样调查情况表-->
	<Query id="ViBsSendCheck" path="/fpages/hf/form/xml/ViBsSendCheck.xml" />
	
	
	
	<!-- 部门下拉框-->
	<Query id="roleNameGetterSelect2"  path="/fpages/hf/form/xml/roleNameGetterSelect2.xml" />
	<!-- 所属行下拉框-->
	<Query id="branchNoNameGetterSelect"  path="/fpages/hf/form/xml/branchNoNameGetterSelect.xml" />
	
	
	
	
	
	
	
	<!-- 个人购汇申请书-->
	<Query id="ExchangeWithinCounter" path="/fpages/hf/form/xml/ExchangeWithinCounter.xml" />
	<Query id="ExchangeWithinCounterInfo" path="/fpages/hf/form/xml/ExchangeWithinCounterInfo.xml" />



	<!-- 黑名单上传-->
	<Query id="CBlackListUpload" path="/fpages/hf/form/xml/CBlackListUpload.xml" />
	<!-- 黑名单拆分确认表-->
	<Query id="CBlackListSplitConfirm" path="/fpages/hf/form/xml/CBlackListSplitConfirm.xml" />
	<!-- 黑名单交易下载表-->
    <Query id="CBlackTransDownload" path="/fpages/hf/form/xml/CBlackTransDownload.xml" />
	<!-- 黑名单批处理状态表-->
	<Query id="CBlackBatchStatus" path="/fpages/hf/form/xml/CBlackBatchStatus.xml" />
	<!-- 黑名单命中交易统计报表-->
	<Query id="CBlackHitCount" path="/fpages/hf/form/xml/CBlackHitCount.xml" />

	<!-- 汇丰中国员工交易监测 -->
	<!-- 20200410员工交易监测日报 -->
	<Query id="AStaffAcctTrad" path="/fpages/hf/form/xml/AStaffAcctTrad.xml" />
	<!-- 20200410客户交易明细 -->
	<Query id="AStaffAcctTradInfo" path="/fpages/hf/form/xml/AStaffAcctTradInfo.xml" />
	<!-- 20200410客户交易调查信息日报修改 -->
	<Query id="AStaffAcctTradUpdate" path="/fpages/hf/form/xml/AStaffAcctTradUpdate.xml" />
	<!-- 20200410客户交易自查手工抽取 -->
	<Query id="AStaffAcctTradQuery" path="/fpages/hf/form/xml/AStaffAcctTradQuery.xml" />
	<!-- 20200410客户交易自查审核 -->
	<Query id="AStaffAcctTradApprove" path="/fpages/hf/form/xml/AStaffAcctTradApprove.xml" />
	<!-- 20200410客户交易日报管理 -->
	<Query id="AStaffAcctTradTaskNew" path="/fpages/hf/form/xml/AStaffAcctTradTaskNew.xml" />
	<!-- 20200410员工交易监测月报 -->
	<Query id="AStaffAcctTradM" path="/fpages/hf/form/xml/AStaffAcctTradM.xml" />
	<!-- 20200410客户交易调查信息月报修改 -->
	<Query id="AStaffAcctTradMUpdate" path="/fpages/hf/form/xml/AStaffAcctTradMUpdate.xml" />
	<!-- 20200410客户交易自查手工抽取 -->
	<Query id="AStaffAcctTradMQuery" path="/fpages/hf/form/xml/AStaffAcctTradMQuery.xml" />
	<!-- 20200410客户交易自查审核 -->
	<Query id="AStaffAcctTradMApprove" path="/fpages/hf/form/xml/AStaffAcctTradMApprove.xml" />
	<!-- 20200410客户交易月报管理 -->
	<Query id="AStaffAcctTradMTaskNew" path="/fpages/hf/form/xml/AStaffAcctTradMTaskNew.xml" />
	<!-- 20200410客户交易员工管理 -->
	<Query id="AStaffAcctTradTlrNoSelect" path="/fpages/hf/form/xml/AStaffAcctTradTlrNoSelect.xml" />
	<!-- 20200410客户参数设置 -->
	<Query id="AStaffSysParams" path="/fpages/hf/form/xml/AStaffSysParams.xml" />
	
	
	<!-- RRB村镇行员工交易监测 -->
	<!-- 20200410员工交易监测日报 -->
	<Query id="AStaffAcctTradRRB" path="/fpages/hf/form/xml/AStaffAcctTradRRB.xml" />
	<!-- 20200410客户交易明细 -->
	<Query id="AStaffAcctTradInfoRRB" path="/fpages/hf/form/xml/AStaffAcctTradInfoRRB.xml" />
	<!-- 20200410客户交易调查信息日报修改 -->
	<Query id="AStaffAcctTradRRBUpdate" path="/fpages/hf/form/xml/AStaffAcctTradRRBUpdate.xml" />
	<!-- 20200410员工交易监测月报 -->
	<Query id="AStaffAcctTradMRRB" path="/fpages/hf/form/xml/AStaffAcctTradMRRB.xml" />
	<!-- 20200410客户交易调查信息日报修改 -->
	<Query id="AStaffAcctTradMRRBUpdate" path="/fpages/hf/form/xml/AStaffAcctTradMRRBUpdate.xml" />
	<!-- 20200410客户交易日报管理 -->
	<Query id="AStaffAcctTradRRBTaskNew" path="/fpages/hf/form/xml/AStaffAcctTradRRBTaskNew.xml" />
	<!-- 20200410客户交易月报管理-->
	<Query id="AStaffAcctTradMRRBTaskNew" path="/fpages/hf/form/xml/AStaffAcctTradMRRBTaskNew.xml" />
	<!-- 20200410客户交易员工管理 -->
	<Query id="AStaffAcctTradRRBTlrNoSelect" path="/fpages/hf/form/xml/AStaffAcctTradRRBTlrNoSelect.xml" />
	
	<!-- HSBC员工交易监测报表 -->
	<!-- AmlAlertSummaryReport报表-->
	<!--<Query id="AmlAlertSummaryReport" path="/fpages/hf/form/xml/AmlAlertSummaryReport.xml" /> -->
	<!-- AmlCaseSummaryReport报表-->
	<!--<Query id="AmlCaseSummaryReport" path="/fpages/hf/form/xml/AmlCaseSummaryReport.xml" /> -->
	<!-- AmlSixMonthsSummaryBranch报表-->
	<!--<Query id="AmlSixMonthsSummaryBranch" path="/fpages/hf/form/xml/AmlSixMonthsSummaryBranch.xml" /> -->
	<!-- AmlSixMonthsSummaryDepartment报表-->
	<!--<Query id="AmlSixMonthsSummaryDepartment" path="/fpages/hf/form/xml/AmlSixMonthsSummaryDepartment.xml" /> -->
	
	<!-- RRB员工交易监测报表 -->
	<!-- AmlAlertSummaryReport报表-->
	<!--<Query id="AmlAlertSummaryReportRRB" path="/fpages/hf/form/xml/AmlAlertSummaryReportRRB.xml" /> -->
	<!-- AmlCaseSummaryReport报表-->
	<!--<Query id="AmlCaseSummaryReportRRB" path="/fpages/hf/form/xml/AmlCaseSummaryReportRRB.xml" /> -->
	<!-- AmlSixMonthsSummaryBranch报表-->
	<!--<Query id="AmlSixMonthsSummaryRRB" path="/fpages/hf/form/xml/AmlSixMonthsSummaryRRB.xml" /> -->
	
	
	<!-- 20200426有效客户信息 -->
	<Query id="CustomerVolumeByBranch" path="/fpages/hf/form/xml/CustomerVolumeByBranch.xml" /> 
	<Query id="CustomerVolumeByLob" path="/fpages/hf/form/xml/CustomerVolumeByLob.xml" /> 
	<!-- 20200426有效交易信息 -->
	<Query id="TransactionVolumeByBranch" path="/fpages/hf/form/xml/TransactionVolumeByBranch.xml" /> 
	<Query id="TransactionVolumeByLob" path="/fpages/hf/form/xml/TransactionVolumeByLob.xml" /> 
</META>