<?xml version="1.0" encoding="UTF-8"?>
<META>
	<!-- 3号令页面配置   -->
	<!-- 大额新增报文 -->
	<Query id="AmlBHdsColl" path="/fpages/hfaml3/xml/bh/AmlBHdsColl.xml" />
	<Query id="AmlBHdsCollAdd" path="/fpages/hfaml3/xml/bh/AmlBHdsCollAdd.xml"/>
	<!-- 大额修改报文 -->
	<Query id="AmlCBHdsColl" path="/fpages/hfaml3/xml/bh/AmlCBHdsColl.xml"/>
	<Query id="AmlCBHdsCollAdd" path="/fpages/hfaml3/xml/bh/AmlCBHdsCollAdd.xml"/>
	<!-- 大额报文批量修改 -->
	<Query id="AmlBHdsBatchInfo" path="/fpages/hfaml3/xml/bh/AmlBHdsBatchInfo.xml"/>
	<Query id="AmlBHdsBatchInfoAdd" path="/fpages/hfaml3/xml/bh/AmlBHdsBatchInfoAdd.xml"/>
	<!-- 大额报文打包 -->
	<Query id="AMLBHGetReportFile" path="/fpages/hfaml3/xml/bh/AMLBHGetReportFile.xml"/>
	<!-- 大额报文审核页面 -->
	<Query id="AmlBHdsCollApprove" path="/fpages/hfaml3/xml/bh/AmlBHdsCollApprove.xml"/>
	<!-- 大额报文查询页面 -->
	<Query id="AmlBHdsQuery" path="/fpages/hfaml3/xml/bh/AmlBHdsQuery.xml"/>
	<!-- 大额无规则交易查询页面 -->
	<Query id="AmlTradInfoNorules" path="/fpages/hfaml3/xml/bh/AmlTradInfoNorules.xml"/>
	<!-- 3号令 大额自查 -->
	<Query id="AmlBHdsHisQueryThree" path="/fpages/hfaml3/xml/bh/AmlBHdsHisQueryThree.xml"/>
	<Query id="AmlBHdsHisAddThree" path="/fpages/hfaml3/xml/bh/AmlBHdsHisAddThree.xml"/>
	<Query id="AmlBHdsHisApproveThree" path="/fpages/hfaml3/xml/bh/AmlBHdsHisApproveThree.xml"/>
	<Query id="AmlBhbsDsBakMirrorThree" path="/fpages/hfaml3/xml/bh/AmlBhbsDsBakMirrorThree.xml"/>
	<!-- 3号令 AML大额报表 -->
	<Query id="AmlLarTradAllFormThree01" path="/fpages/hfaml3/xml/bh/AmlLarTradAllFormThree01.xml"/>
	<Query id="AmlLarTradAllFormThree02" path="/fpages/hfaml3/xml/bh/AmlLarTradAllFormThree02.xml"/>
	<Query id="AmlLarMessgeCountDayThree" path="/fpages/hfaml3/xml/bh/AmlLarMessgeCountDayThree.xml"/>
	<Query id="AmlLarMessgeCountMonthThree" path="/fpages/hfaml3/xml/bh/AmlLarMessgeCountMonthThree.xml"/>
	<Query id="AmlLargeTradMThree" path="/fpages/hfaml3/xml/bh/AmlLargeTradMThree.xml"/>
	<Query id="AmlLargeTradYThree" path="/fpages/hfaml3/xml/bh/AmlLargeTradYThree.xml"/> 
	<Query id="AmlLargeTradHalfYThree" path="/fpages/hfaml3/xml/bh/AmlLargeTradHalfYThree.xml"/>
	<!-- 3号令 AML可疑报表 -->
	<Query id="ViBsSendDetailThree" path="/fpages/hfaml3/xml/bs/ViBsSendDetailThree.xml"/>
	<Query id="ViBsSendReportThree" path="/fpages/hfaml3/xml/bs/ViBsSendReportThree.xml"/>
	<Query id="ViBsSendReportThree02" path="/fpages/hfaml3/xml/bs/ViBsSendReportThree02.xml"/>



	
	<!-- 可疑新增报文 -->
	<Query id="AmlBSDsColl" path="/fpages/hfaml3/xml/bs/AmlBSDsColl.xml"/>
	<Query id="AmlBSDsCollInfo" path="/fpages/hfaml3/xml/bs/AmlBSDsCollInfo.xml"/>
	<Query id="AmlBSCusUpload" path="/fpages/hfaml3/xml/bs/AmlBSCusUpload.xml"/>
	<Query id="AmlBSCusUploadInfo" path="/fpages/hfaml3/xml/bs/AmlBSCusUploadInfo.xml"/>
	<Query id="AmlBSTransUpload" path="/fpages/hfaml3/xml/bs/AmlBSTransUpload.xml"/>
	<Query id="AmlBSTransUploadInfo" path="/fpages/hfaml3/xml/bs/AmlBSTransUploadInfo.xml"/>
	<Query id="AmlBsFileUpload" path="/fpages/hfaml3/xml/bs/AmlBsFileUpload.xml"/>
	<!-- AML交易查询 -->
	<Query id="AmlTradInfoAllThree" path="/fpages/hfaml3/xml/bs/AmlTradInfoAllThree.xml"/>
	<!-- 可疑报文打包 -->
	<Query id="AMLBSGetReportFile" path="/fpages/hfaml3/xml/bs/AMLBSGetReportFile.xml"/>
	<!-- 3号令 可疑自查 -->
	<Query id="AmlBSUplaodHisQueryThree" path="/fpages/hfaml3/xml/bs/AmlBSUplaodHisQueryThree.xml"/>
	<Query id="AmlBSUploadBakApproveThree" path="/fpages/hfaml3/xml/bs/AmlBSUploadBakApproveThree.xml"/>
	<!-- 3号令 可疑交易报告查询-->
	<Query id="AmlBsReportQuery" path="/fpages/hfaml3/xml/bs/AmlBsReportQuery.xml"/>
	
	<!-- 回执/人工补正导入 -->
	<Query id="AMLReceiptOrNoticeImport" path="/fpages/hfaml3/xml/AMLReceiptOrNoticeImport.xml"/>
	<!-- 客户行业下拉框 -->
	<Query id="ctvcSelect" path="/fpages/hfaml3/xml/ctvcSelect.xml"/>
	<!-- 证件类型下拉框 -->
	<Query id="Citp3Select" path="/fpages/hfaml3/xml/Citp3Select.xml"/>
	<!-- 账户下拉框 -->
	<Query id="Catp3Select" path="/fpages/hfaml3/xml/Catp3Select.xml"/>
	
	<!-- 可疑特征代码维护 -->
	<Query id="AMLStcrCodeImport" path="/fpages/hfaml3/xml/AMLStcrCodeImport.xml"/>
	<!-- 金融机构网点代码维护 -->
	<Query id="AMLFincCodeImport" path="/fpages/hfaml3/xml/AMLFincCodeImport.xml"/>
	
	<!-- 警告回执导入 -->
	<Query id="AMLReceiptFdacImport" path="/fpages/hfaml3/xml/AMLReceiptFdacImport.xml"/>
	
	<!-- 交易统计报表 -->
	<Query id="AmlReportSuccTranD" path="/fpages/hfaml3/xml/AmlReportSuccTranD.xml"/>
	<Query id="AmlReportSuccTranM" path="/fpages/hfaml3/xml/AmlReportSuccTranM.xml"/>
	
	<Query id="AmlTransReportCountM" path="/fpages/hfaml3/xml/AmlTransReportCountM.xml"/>
	<Query id="AmlTransReportCountY" path="/fpages/hfaml3/xml/AmlTransReportCountY.xml"/>
</META>